<?xml version="1.0" encoding="UTF-8"?>
<Form name="ChromaCoring_MPEG" platform="txlx" commands="">
<Group num="0" val="0">
<Page tab_title="Chroma Coring" layout="4x4" show="custom">
<Control ui_type="checkbox" name="chroma_coring_enable" db="sub" show="custom" range="0~1" addr="0x1da1" mask="4:4" dst="U" desc="demo chroma coring enable" default="0" value="0" cmd="common:2,0xff900000"/>
<Control ui_type="slider" name="chroma_coring_y_threshold" db="sub" show="custom" range="0~8191" addr="0x1da0" mask="27:16" dst="U" desc="Bypass chroma coring if Y less than this threshold" default="512" value="512" cmd="common:2,0xff900000"/>
<Control ui_type="slider" name="chroma_coring_threshold" db="sub" show="custom" range="0~255" addr="0x1da0" mask="15:8" dst="U" desc="Chroma coring threshold" default="12" value="12" cmd="common:2,0xff900000"/>
<Control ui_type="slider" name="chroma_coring_slope" db="sub" show="custom" range="0~15" addr="0x1da0" mask="3:0" dst="U" desc="Chroma coring slope" default="13" value="13" cmd="common:2,0xff900000"/>
<Control ui_type="checkbox" name="center_bar_enable" db="sub" show="custom" range="0~1" addr="0x1da3" mask="31:31" dst="U" desc="Center bar enable" default="0" value="0" cmd="common:2,0xff900000"/>
<Control ui_type="slider" name="demo left_top_scrn_width" db="sub" show="custom" range="0~8191" addr="0x1da2" mask="12:0" dst="U" desc="demo left or top screen width" default="1" value="1" cmd="common:2,0xff900000"/>
</Page>
</Group>
<Group num="1" val="0">
<Page tab_title="Chroma Coring" layout="4x4" show="custom">
<Control ui_type="checkbox" name="chroma_coring_enable" db="sub" show="custom" range="0~1" addr="0x1da1" mask="4:4" dst="U" desc="demo chroma coring enable" default="0" value="0" cmd="common:2,0xff900000"/>
<Control ui_type="slider" name="chroma_coring_y_threshold" db="sub" show="custom" range="0~8191" addr="0x1da0" mask="27:16" dst="U" desc="Bypass chroma coring if Y less than this threshold" default="512" value="512" cmd="common:2,0xff900000"/>
<Control ui_type="slider" name="chroma_coring_threshold" db="sub" show="custom" range="0~255" addr="0x1da0" mask="15:8" dst="U" desc="Chroma coring threshold" default="12" value="12" cmd="common:2,0xff900000"/>
<Control ui_type="slider" name="chroma_coring_slope" db="sub" show="custom" range="0~15" addr="0x1da0" mask="3:0" dst="U" desc="Chroma coring slope" default="13" value="13" cmd="common:2,0xff900000"/>
<Control ui_type="checkbox" name="center_bar_enable" db="sub" show="custom" range="0~1" addr="0x1da3" mask="31:31" dst="U" desc="Center bar enable" default="0" value="0" cmd="common:2,0xff900000"/>
<Control ui_type="slider" name="demo left_top_scrn_width" db="sub" show="custom" range="0~8191" addr="0x1da2" mask="12:0" dst="U" desc="demo left or top screen width" default="1" value="1" cmd="common:2,0xff900000"/>
</Page>
</Group>
<Group num="2" val="0">
<Page tab_title="Chroma Coring" layout="4x4" show="custom">
<Control ui_type="checkbox" name="chroma_coring_enable" db="sub" show="custom" range="0~1" addr="0x1da1" mask="4:4" dst="U" desc="demo chroma coring enable" default="0" value="0" cmd="common:2,0xff900000"/>
<Control ui_type="slider" name="chroma_coring_y_threshold" db="sub" show="custom" range="0~8191" addr="0x1da0" mask="27:16" dst="U" desc="Bypass chroma coring if Y less than this threshold" default="512" value="512" cmd="common:2,0xff900000"/>
<Control ui_type="slider" name="chroma_coring_threshold" db="sub" show="custom" range="0~255" addr="0x1da0" mask="15:8" dst="U" desc="Chroma coring threshold" default="12" value="12" cmd="common:2,0xff900000"/>
<Control ui_type="slider" name="chroma_coring_slope" db="sub" show="custom" range="0~15" addr="0x1da0" mask="3:0" dst="U" desc="Chroma coring slope" default="13" value="13" cmd="common:2,0xff900000"/>
<Control ui_type="checkbox" name="center_bar_enable" db="sub" show="custom" range="0~1" addr="0x1da3" mask="31:31" dst="U" desc="Center bar enable" default="0" value="0" cmd="common:2,0xff900000"/>
<Control ui_type="slider" name="demo left_top_scrn_width" db="sub" show="custom" range="0~8191" addr="0x1da2" mask="12:0" dst="U" desc="demo left or top screen width" default="1" value="1" cmd="common:2,0xff900000"/>
</Page>
</Group>
<Group num="3" val="0">
<Page tab_title="Chroma Coring" layout="4x4" show="custom">
<Control ui_type="checkbox" name="chroma_coring_enable" db="sub" show="custom" range="0~1" addr="0x1da1" mask="4:4" dst="U" desc="demo chroma coring enable" default="0" value="0" cmd="common:2,0xff900000"/>
<Control ui_type="slider" name="chroma_coring_y_threshold" db="sub" show="custom" range="0~8191" addr="0x1da0" mask="27:16" dst="U" desc="Bypass chroma coring if Y less than this threshold" default="512" value="512" cmd="common:2,0xff900000"/>
<Control ui_type="slider" name="chroma_coring_threshold" db="sub" show="custom" range="0~255" addr="0x1da0" mask="15:8" dst="U" desc="Chroma coring threshold" default="12" value="12" cmd="common:2,0xff900000"/>
<Control ui_type="slider" name="chroma_coring_slope" db="sub" show="custom" range="0~15" addr="0x1da0" mask="3:0" dst="U" desc="Chroma coring slope" default="13" value="13" cmd="common:2,0xff900000"/>
<Control ui_type="checkbox" name="center_bar_enable" db="sub" show="custom" range="0~1" addr="0x1da3" mask="31:31" dst="U" desc="Center bar enable" default="0" value="0" cmd="common:2,0xff900000"/>
<Control ui_type="slider" name="demo left_top_scrn_width" db="sub" show="custom" range="0~8191" addr="0x1da2" mask="12:0" dst="U" desc="demo left or top screen width" default="1" value="1" cmd="common:2,0xff900000"/>
</Page>
</Group>
</Form>

