<?xml version="1.0" encoding="UTF-8"?>
<Form name="FIELD_PICTURE_MODE5" platform="txlx" commands="">
<Group num="0" val="">
<Page tab_title="FIELD" layout="50x3">
<Control type="field" tablename="Picture_Mode5_DEFAULT"     tableid="0" port="0,"                         sig="0," trans="0,"/>
<Control type="field" tablename="Picture_Mode5_SDR"         tableid="0" port="1,2,3,4,5,6,7,8,9,10,11,"   sig="1," trans="0,"/>
<Control type="field" tablename="Picture_Mode5_HDR10"       tableid="0" port="6,7,8,9,11,12"              sig="2," trans="0,"/>
<Control type="field" tablename="Picture_Mode5_HDR10Plus"   tableid="0" port="6,7,8,9,11,12"              sig="3," trans="0,"/>
<Control type="field" tablename="Picture_Mode5_HLG"         tableid="0" port="6,7,8,9,11,12"              sig="4," trans="0,"/>
<Control type="field" tablename="Picture_Mode5_DolbyVision" tableid="0" port="6,7,8,9,11,12"              sig="5," trans="0,"/>

<Control type="port"  name="PQ_SRC_DEFAULT"                 value="0"/>
<Control type="port"  name="PQ_SRC_TV"                      value="1"/>
<Control type="port"  name="PQ_SRC_AV1"           			value="2"/>
<Control type="port"  name="PQ_SRC_AV2"        				value="3"/>
<Control type="port"  name="PQ_SRC_YPBPR1"        			value="4"/>
<Control type="port"  name="PQ_SRC_YPBPR2"         			value="5"/>
<Control type="port"  name="PQ_SRC_HDMI1"         			value="6"/>
<Control type="port"  name="PQ_SRC_HDMI2"         			value="7"/>
<Control type="port"  name="PQ_SRC_HDMI3"         			value="8"/>
<Control type="port"  name="PQ_SRC_HDMI4"           		value="9"/>
<Control type="port"  name="PQ_SRC_VGA"          			value="10"/>
<Control type="port"  name="PQ_SRC_MPEG"           			value="11"/>
<Control type="port"  name="PQ_SRC_DTV"           			value="12"/>
<Control type="port"  name="PQ_SRC_SVIDEO"           		value="13"/>
<Control type="port"  name="PQ_SRC_IPTV"           			value="14"/>
<Control type="port"  name="PQ_SRC_DUMMY"           		value="15"/>
<Control type="port"  name="PQ_SRC_SPDIF"           		value="16"/>
<Control type="port"  name="PQ_SRC_ADTV"           			value="17"/>

<Control type="sig"   name="PQ_FMT_DEFAULT" 				value="0"/>
<Control type="sig"   name="PQ_FMT_SDR"        				value="1"/>
<Control type="sig"   name="PQ_FMT_HDR"     				value="2"/>
<Control type="sig"   name="PQ_FMT_HDRP"    				value="3"/>
<Control type="sig"   name="PQ_FMT_HLG"     				value="4"/>
<Control type="sig"   name="PQ_FMT_DOBLY"   				value="5"/>

<Control type="trans" name="TVIN_TFMT0_2D"           value="0"/>
</Page>
</Group>
</Form>

