<?xml version="1.0" encoding="UTF-8"?>
<Form name="BlackExt_HDR" platform="txlx" commands="">
<Group num="0" val="0">
<Page tab_title="Black Extension" layout="4x4" show="custom">
<Control ui_type="checkbox" name="blackext_enable" db="sub" show="custom" range="0~1" addr="0x1da1" mask="3:3" dst="U" desc="black enxtension enable" default="0" value="0" cmd="common:2,0xff900000"/>
<Control ui_type="slider" name="blackext_start" db="sub" show="custom" range="0~255" addr="0x1d80" mask="31:24" dst="U" desc="" default="100" value="100" cmd="common:2,0xff900000"/>
<Control ui_type="slider" name="blackext_slope1" db="sub" show="custom" range="0~255" addr="0x1d80" mask="23:16" dst="U" desc="" default="32" value="32" cmd="common:2,0xff900000"/>
<Control ui_type="slider" name="blackext_mid_point" db="sub" show="custom" range="0~255" addr="0x1d80" mask="15:8" dst="U" desc="" default="27" value="27" cmd="common:2,0xff900000"/>
<Control ui_type="slider" name="blackext_slope2" db="sub" show="custom" range="0~255" addr="0x1d80" mask="7:0" dst="U" desc="" default="30" value="30" cmd="common:2,0xff900000"/>
</Page>
</Group>
<Group num="1" val="0">
<Page tab_title="Black Extension" layout="4x4" show="custom">
<Control ui_type="checkbox" name="blackext_enable" db="sub" show="custom" range="0~1" addr="0x1da1" mask="3:3" dst="U" desc="black enxtension enable" default="1" value="1" cmd="common:2,0xff900000"/>
<Control ui_type="slider" name="blackext_start" db="sub" show="custom" range="0~255" addr="0x1d80" mask="31:24" dst="U" desc="" default="100" value="100" cmd="common:2,0xff900000"/>
<Control ui_type="slider" name="blackext_slope1" db="sub" show="custom" range="0~255" addr="0x1d80" mask="23:16" dst="U" desc="" default="32" value="32" cmd="common:2,0xff900000"/>
<Control ui_type="slider" name="blackext_mid_point" db="sub" show="custom" range="0~255" addr="0x1d80" mask="15:8" dst="U" desc="" default="27" value="27" cmd="common:2,0xff900000"/>
<Control ui_type="slider" name="blackext_slope2" db="sub" show="custom" range="0~255" addr="0x1d80" mask="7:0" dst="U" desc="" default="32" value="32" cmd="common:2,0xff900000"/>
</Page>
</Group>
<Group num="2" val="0">
<Page tab_title="Black Extension" layout="4x4" show="custom">
<Control ui_type="checkbox" name="blackext_enable" db="sub" show="custom" range="0~1" addr="0x1da1" mask="3:3" dst="U" desc="black enxtension enable" default="1" value="1" cmd="common:2,0xff900000"/>
<Control ui_type="slider" name="blackext_start" db="sub" show="custom" range="0~255" addr="0x1d80" mask="31:24" dst="U" desc="" default="100" value="100" cmd="common:2,0xff900000"/>
<Control ui_type="slider" name="blackext_slope1" db="sub" show="custom" range="0~255" addr="0x1d80" mask="23:16" dst="U" desc="" default="32" value="32" cmd="common:2,0xff900000"/>
<Control ui_type="slider" name="blackext_mid_point" db="sub" show="custom" range="0~255" addr="0x1d80" mask="15:8" dst="U" desc="" default="59" value="59" cmd="common:2,0xff900000"/>
<Control ui_type="slider" name="blackext_slope2" db="sub" show="custom" range="0~255" addr="0x1d80" mask="7:0" dst="U" desc="" default="32" value="32" cmd="common:2,0xff900000"/>
</Page>
</Group>
<Group num="3" val="0">
<Page tab_title="Black Extension" layout="4x4" show="custom">
<Control ui_type="checkbox" name="blackext_enable" db="sub" show="custom" range="0~1" addr="0x1da1" mask="3:3" dst="U" desc="black enxtension enable" default="1" value="1" cmd="common:2,0xff900000"/>
<Control ui_type="slider" name="blackext_start" db="sub" show="custom" range="0~255" addr="0x1d80" mask="31:24" dst="U" desc="" default="100" value="100" cmd="common:2,0xff900000"/>
<Control ui_type="slider" name="blackext_slope1" db="sub" show="custom" range="0~255" addr="0x1d80" mask="23:16" dst="U" desc="" default="34" value="34" cmd="common:2,0xff900000"/>
<Control ui_type="slider" name="blackext_mid_point" db="sub" show="custom" range="0~255" addr="0x1d80" mask="15:8" dst="U" desc="" default="57" value="57" cmd="common:2,0xff900000"/>
<Control ui_type="slider" name="blackext_slope2" db="sub" show="custom" range="0~255" addr="0x1d80" mask="7:0" dst="U" desc="" default="30" value="30" cmd="common:2,0xff900000"/>
</Page>
</Group>
</Form>

