<?xml version="1.0" encoding="UTF-8"?>
<Form name="BlackExt_ChromaCoring_MPEG" platform="txlx" commands="">
<Group num="0" val="0">
<Page tab_title="" layout="10x4">
<Control ui_type="checkbox" name="blackext_enable" range="0~1" addr="0x1da1" mask="3:3" dst="U" desc="demo black extension enable" default="0" value="0" cmd="common:2,0xff000000"/>
<Control ui_type="slider" name="blackext_start" range="0~255" addr="0x1d80" mask="31:24" dst="U" desc="" default="70" value="70" cmd="common:2,0xff000000"/>
<Control ui_type="slider" name="blackext_slope1" range="0~255" addr="0x1d80" mask="23:16" dst="U" desc="" default="34" value="34" cmd="common:2,0xff000000"/>
<Control ui_type="slider" name="blackext_mid_point" range="0~255" addr="0x1d80" mask="15:8" dst="U" desc="" default="30" value="30" cmd="common:2,0xff000000"/>
<Control ui_type="slider" name="blackext_slope2" range="0~255" addr="0x1d80" mask="7:0" dst="U" desc="" default="30" value="30" cmd="common:2,0xff000000"/>
<Control ui_type="checkbox" name="chroma_coring_enable" range="0~1" addr="0x1da1" mask="4:4" dst="U" desc="demo chroma coring enable" default="0" value="0" cmd="common:2,0xff000000"/>
<Control ui_type="slider" name="chroma_coring_y_threshold" range="0~8191" addr="0x1da0" mask="27:16" dst="U" desc="Bypass chroma coring if Y less than this threshold" default="512" value="512" cmd="common:2,0xff000000"/>
<Control ui_type="slider" name="chroma_coring_threshold" range="0~255" addr="0x1da0" mask="15:8" dst="U" desc="Chroma coring threshold" default="12" value="12" cmd="common:2,0xff000000"/>
<Control ui_type="slider" name="chroma_coring_slope" range="0~15" addr="0x1da0" mask="3:0" dst="U" desc="Chroma coring slope" default="13" value="13" cmd="common:2,0xff000000"/>
<Control ui_type="checkbox" name="center_bar_enable" range="0~1" addr="0x1da3" mask="31:31" dst="U" desc="Center bar enable" default="0" value="0" cmd="common:2,0xff000000"/>
<Control ui_type="slider" name="demo_left_top_scrn_width" range="0~8191" addr="0x1da2" mask="12:0" dst="U" desc="demo left or top screen width" default="1" value="1" cmd="common:2,0xff000000"/>
</Page>
</Group>
<Group num="1" val="0">
<Page tab_title="" layout="10x4">
<Control ui_type="checkbox" name="blackext_enable" range="0~1" addr="0x1da1" mask="3:3" dst="U" desc="demo black extension enable" default="1" value="1" cmd="common:2,0xff000000"/>
<Control ui_type="slider" name="blackext_start" range="0~255" addr="0x1d80" mask="31:24" dst="U" desc="" default="70" value="70" cmd="common:2,0xff000000"/>
<Control ui_type="slider" name="blackext_slope1" range="0~255" addr="0x1d80" mask="23:16" dst="U" desc="" default="33" value="33" cmd="common:2,0xff000000"/>
<Control ui_type="slider" name="blackext_mid_point" range="0~255" addr="0x1d80" mask="15:8" dst="U" desc="" default="67" value="67" cmd="common:2,0xff000000"/>
<Control ui_type="slider" name="blackext_slope2" range="0~255" addr="0x1d80" mask="7:0" dst="U" desc="" default="30" value="30" cmd="common:2,0xff000000"/>
<Control ui_type="checkbox" name="chroma_coring_enable" range="0~1" addr="0x1da1" mask="4:4" dst="U" desc="demo chroma coring enable" default="1" value="1" cmd="common:2,0xff000000"/>
<Control ui_type="slider" name="chroma_coring_y_threshold" range="0~8191" addr="0x1da0" mask="27:16" dst="U" desc="Bypass chroma coring if Y less than this threshold" default="512" value="512" cmd="common:2,0xff000000"/>
<Control ui_type="slider" name="chroma_coring_threshold" range="0~255" addr="0x1da0" mask="15:8" dst="U" desc="Chroma coring threshold" default="20" value="20" cmd="common:2,0xff000000"/>
<Control ui_type="slider" name="chroma_coring_slope" range="0~15" addr="0x1da0" mask="3:0" dst="U" desc="Chroma coring slope" default="14" value="14" cmd="common:2,0xff000000"/>
<Control ui_type="checkbox" name="center_bar_enable" range="0~1" addr="0x1da3" mask="31:31" dst="U" desc="Center bar enable" default="0" value="0" cmd="common:2,0xff000000"/>
<Control ui_type="slider" name="demo_left_top_scrn_width" range="0~8191" addr="0x1da2" mask="12:0" dst="U" desc="demo left or top screen width" default="1" value="1" cmd="common:2,0xff000000"/>
</Page>
</Group>
<Group num="2" val="0">
<Page tab_title="" layout="10x4">
<Control ui_type="checkbox" name="blackext_enable" range="0~1" addr="0x1da1" mask="3:3" dst="U" desc="demo black extension enable" default="1" value="1" cmd="common:2,0xff000000"/>
<Control ui_type="slider" name="blackext_start" range="0~255" addr="0x1d80" mask="31:24" dst="U" desc="" default="96" value="96" cmd="common:2,0xff000000"/>
<Control ui_type="slider" name="blackext_slope1" range="0~255" addr="0x1d80" mask="23:16" dst="U" desc="" default="34" value="34" cmd="common:2,0xff000000"/>
<Control ui_type="slider" name="blackext_mid_point" range="0~255" addr="0x1d80" mask="15:8" dst="U" desc="" default="77" value="77" cmd="common:2,0xff000000"/>
<Control ui_type="slider" name="blackext_slope2" range="0~255" addr="0x1d80" mask="7:0" dst="U" desc="" default="32" value="32" cmd="common:2,0xff000000"/>
<Control ui_type="checkbox" name="chroma_coring_enable" range="0~1" addr="0x1da1" mask="4:4" dst="U" desc="demo chroma coring enable" default="1" value="1" cmd="common:2,0xff000000"/>
<Control ui_type="slider" name="chroma_coring_y_threshold" range="0~8191" addr="0x1da0" mask="27:16" dst="U" desc="Bypass chroma coring if Y less than this threshold" default="512" value="512" cmd="common:2,0xff000000"/>
<Control ui_type="slider" name="chroma_coring_threshold" range="0~255" addr="0x1da0" mask="15:8" dst="U" desc="Chroma coring threshold" default="20" value="20" cmd="common:2,0xff000000"/>
<Control ui_type="slider" name="chroma_coring_slope" range="0~15" addr="0x1da0" mask="3:0" dst="U" desc="Chroma coring slope" default="14" value="14" cmd="common:2,0xff000000"/>
<Control ui_type="checkbox" name="center_bar_enable" range="0~1" addr="0x1da3" mask="31:31" dst="U" desc="Center bar enable" default="0" value="0" cmd="common:2,0xff000000"/>
<Control ui_type="slider" name="demo_left_top_scrn_width" range="0~8191" addr="0x1da2" mask="12:0" dst="U" desc="demo left or top screen width" default="1" value="1" cmd="common:2,0xff000000"/>
</Page>
</Group>
<Group num="3" val="0">
<Page tab_title="" layout="10x4">
<Control ui_type="checkbox" name="blackext_enable" range="0~1" addr="0x1da1" mask="3:3" dst="U" desc="demo black extension enable" default="1" value="1" cmd="common:2,0xff000000"/>
<Control ui_type="slider" name="blackext_start" range="0~255" addr="0x1d80" mask="31:24" dst="U" desc="" default="255" value="255" cmd="common:2,0xff000000"/>
<Control ui_type="slider" name="blackext_slope1" range="0~255" addr="0x1d80" mask="23:16" dst="U" desc="" default="32" value="32" cmd="common:2,0xff000000"/>
<Control ui_type="slider" name="blackext_mid_point" range="0~255" addr="0x1d80" mask="15:8" dst="U" desc="" default="77" value="77" cmd="common:2,0xff000000"/>
<Control ui_type="slider" name="blackext_slope2" range="0~255" addr="0x1d80" mask="7:0" dst="U" desc="" default="34" value="34" cmd="common:2,0xff000000"/>
<Control ui_type="checkbox" name="chroma_coring_enable" range="0~1" addr="0x1da1" mask="4:4" dst="U" desc="demo chroma coring enable" default="1" value="1" cmd="common:2,0xff000000"/>
<Control ui_type="slider" name="chroma_coring_y_threshold" range="0~8191" addr="0x1da0" mask="27:16" dst="U" desc="Bypass chroma coring if Y less than this threshold" default="512" value="512" cmd="common:2,0xff000000"/>
<Control ui_type="slider" name="chroma_coring_threshold" range="0~255" addr="0x1da0" mask="15:8" dst="U" desc="Chroma coring threshold" default="20" value="20" cmd="common:2,0xff000000"/>
<Control ui_type="slider" name="chroma_coring_slope" range="0~15" addr="0x1da0" mask="3:0" dst="U" desc="Chroma coring slope" default="14" value="14" cmd="common:2,0xff000000"/>
<Control ui_type="checkbox" name="center_bar_enable" range="0~1" addr="0x1da3" mask="31:31" dst="U" desc="Center bar enable" default="0" value="0" cmd="common:2,0xff000000"/>
<Control ui_type="slider" name="demo_left_top_scrn_width" range="0~8191" addr="0x1da2" mask="12:0" dst="U" desc="demo left or top screen width" default="1" value="1" cmd="common:2,0xff000000"/>
</Page>
</Group>
</Form>

