<?xml version="1.0" encoding="UTF-8"?>
<Form name="DEBLOCK_AV" platform="txlx" commands="">
<Group num="0" val="Off">
<Page tab_title="" layout="25x4">
<Control ui_type="checkbox" name="reg_dnr_en" range="0~1" addr="0x2d00" mask="16:16" dst="U" desc="reg_dnr_en, default = 1" default="1" value="1" cmd="common:2,0xff900000"/>
<Control ui_type="slider" name="reg_dnr_db_vdbstep" range="0~1" addr="0x2d00" mask="15:15" dst="U" desc="reg_dnr_db_vdbstep,vdb step,0:4, 1:8, default = 1" default="1" value="1" cmd="common:2,0xff900000"/>
<Control ui_type="checkbox" name="reg_dnr_db_vdbprten" range="0~1" addr="0x2d00" mask="14:14" dst="U" desc="reg_dnr_db_vdbprten,vdb protectoin enable, default = 1" default="1" value="1" cmd="common:2,0xff900000"/>
<Control ui_type="checkbox" name="reg_dnr_luma_en" range="0~1" addr="0x2d00" mask="12:12" dst="U" desc="reg_dnr_luma_en,enable ycbcr2luma module,default = 1" default="1" value="1" cmd="common:2,0xff900000"/>
<Control ui_type="slider" name="reg_dnr_db_mode" range="0~3" addr="0x2d00" mask="11:10" dst="U" desc="reg_dnr_db_mode,deblocking mode, 0: disable, 1: horizontal deblocking, 2: vertical deblocking, 3: horizontal and vertical deblocking,default = 3" default="0" value="0" cmd="common:2,0xff900000"/>
<Control ui_type="checkbox" name="reg_dnr_db_chrmen" range="0~1" addr="0x2d00" mask="9:9" dst="U" desc="reg_dnr_db_chrmen,enable chroma deblocking,default = 1" default="1" value="1" cmd="common:2,0xff900000"/>
<Control ui_type="slider" name="reg_dnr_db_yedgethd0" range="0~255" addr="0x2d0b" mask="31:24" dst="U" desc="reg_dnr_db_yedgethd0, edge threshold0 for luma. unsigned  , default = 12" default="0" value="0" cmd="common:2,0xff900000"/>
<Control ui_type="slider" name="reg_dnr_db_yedgethd1" range="0~255" addr="0x2d0b" mask="23:16" dst="U" desc="reg_dnr_db_yedgethd1, edge threshold1 for luma. unsigned  , default = 15" default="0" value="0" cmd="common:2,0xff900000"/>
<Control ui_type="slider" name="reg_dnr_db_yedgethd2" range="0~255" addr="0x2d0b" mask="15:8" dst="U" desc="reg_dnr_db_yedgethd2, edge threshold2 for luma. unsigned  , default = 18" default="0" value="0" cmd="common:2,0xff900000"/>
<Control ui_type="slider" name="reg_dnr_db_yedgethd3" range="0~255" addr="0x2d0b" mask="7:0" dst="U" desc="reg_dnr_db_yedgethd3, edge threshold3 for luma. unsigned  , default = 25" default="0" value="0" cmd="common:2,0xff900000"/>
<Control ui_type="slider" name="reg_dnr_db_cedgethd0" range="0~255" addr="0x2d0c" mask="31:24" dst="U" desc="reg_dnr_db_cedgethd0, edge threshold0 for chroma  . unsigned  , default = 12" default="0" value="0" cmd="common:2,0xff900000"/>
<Control ui_type="slider" name="reg_dnr_db_cedgethd1" range="0~255" addr="0x2d0c" mask="23:16" dst="U" desc="reg_dnr_db_cedgethd1, edge threshold1 for chroma  . unsigned  , default = 15" default="0" value="0" cmd="common:2,0xff900000"/>
<Control ui_type="slider" name="reg_dnr_db_cedgethd2" range="0~255" addr="0x2d0c" mask="15:8" dst="U" desc="reg_dnr_db_cedgethd2, edge threshold2 for chroma  . unsigned  , default = 18" default="0" value="0" cmd="common:2,0xff900000"/>
<Control ui_type="slider" name="reg_dnr_db_cedgethd3" range="0~255" addr="0x2d0c" mask="7:0" dst="U" desc="reg_dnr_db_cedgethd3, edge threshold3 for chroma  . unsigned  , default = 25" default="0" value="0" cmd="common:2,0xff900000"/>
<Control ui_type="slider" name="reg_dnr_db_hgapthd" range="0~255" addr="0x2d0d" mask="23:16" dst="U" desc="reg_dnr_db_hgapthd, horizontal gap thd (less or equal than) for very sure blockiness . unsigned  , default = 8" default="0" value="0" cmd="common:2,0xff900000"/>
<Control ui_type="slider" name="reg_dnr_db_hgapdifthd" range="0~255" addr="0x2d0d" mask="15:8" dst="U" desc="reg_dnr_db_hgapdifthd, dif thd between hgap and lft/rgt hdifs. unsigned  , default = 1" default="0" value="0" cmd="common:2,0xff900000"/>
<Control ui_type="checkbox" name="reg_dnr_db_hgapmod" range="0~1" addr="0x2d0d" mask="0:0" dst="U" desc="reg_dnr_db_hgapmod, horizontal gap calc. mode, 0: just use current col x, 1: find max between (x-1, x, x+1) . unsigned  , default = 0" default="0" value="0" cmd="common:2,0xff900000"/>
<Control ui_type="slider" name="reg_dnr_db_hbsup" range="0~3" addr="0x2d0e" mask="5:4" dst="U" desc="reg_dnr_db_hbsup, horizontal bs up value. unsigned  , default = 1" default="0" value="0" cmd="common:2,0xff900000"/>
<Control ui_type="slider" name="reg_dnr_db_hbsmax" range="0~3" addr="0x2d0e" mask="3:2" dst="U" desc="reg_dnr_db_hbsmax, max value of hbs for global control. unsigned  , default = 3" default="0" value="0" cmd="common:2,0xff900000"/>
<Control ui_type="slider" name="reg_dnr_db_hgbsthd" range="0~3" addr="0x2d0e" mask="1:0" dst="U" desc="reg_dnr_db_hgbsthd, gbs thd (&gt;=) for hbs calc.  . unsigned  , default = 1" default="3" value="3" cmd="common:2,0xff900000"/>
<Control ui_type="slider" name="reg_dnr_db_hactthd0" range="0~255" addr="0x2d0f" mask="15:8" dst="U" desc="reg_dnr_db_hactthd0, thd0 of hact, for block classification. unsigned  , default = 10" default="0" value="0" cmd="common:2,0xff900000"/>
<Control ui_type="slider" name="reg_dnr_db_hactthd1" range="0~255" addr="0x2d0f" mask="7:0" dst="U" desc="reg_dnr_db_hactthd1, thd1 of hact, for block classification. unsigned  , default = 32" default="0" value="0" cmd="common:2,0xff900000"/>
<Control ui_type="slider" name="reg_dnr_db_yhdeltagain1" range="0~7" addr="0x2d10" mask="26:24" dst="U" desc="reg_dnr_db_yhdeltagain1, (p1-q1) gain for Y s delta calc. when bs=1, normalized 8 as 1 . unsigned  , default = 2" default="0" value="0" cmd="common:2,0xff900000"/>
<Control ui_type="slider" name="reg_dnr_db_yhdeltagain2" range="0~7" addr="0x2d10" mask="22:20" dst="U" desc="reg_dnr_db_yhdeltagain2, (p1-q1) gain for Y s delta calc. when bs=2, normalized 8 as 1 . unsigned  , default = 0" default="0" value="0" cmd="common:2,0xff900000"/>
<Control ui_type="slider" name="reg_dnr_db_yhdeltagain3" range="0~7" addr="0x2d10" mask="18:16" dst="U" desc="reg_dnr_db_yhdeltagain3, (p1-q1) gain for Y s delta calc. when bs=3, normalized 8 as 1 . unsigned  , default = 0" default="0" value="0" cmd="common:2,0xff900000"/>
<Control ui_type="slider" name="reg_dnr_db_yhdeltaadjoffst" range="-64~63" addr="0x2d10" mask="14:8" dst="S" desc="reg_dnr_db_yhdeltaadjoffst, offset for adjust Y s hdelta (-64, 63). signed, default = 0" default="0" value="0" cmd="common:2,0xff900000"/>
<Control ui_type="slider" name="reg_dnr_db_yhdeltaadjgain" range="0~63" addr="0x2d10" mask="5:0" dst="U" desc="reg_dnr_db_yhdeltaadjgain, gain for adjust Y s hdelta, normalized 32 as 1 . unsigned  , default = 32" default="0" value="0" cmd="common:2,0xff900000"/>
<Control ui_type="slider" name="reg_dnr_db_yhdelta2gain2" range="0~63" addr="0x2d11" mask="29:24" dst="U" desc="reg_dnr_db_yhdelta2gain2, gain for bs=2 s adjust Y s hdelta2, normalized 64 as 1 . unsigned  , default = 8" default="0" value="0" cmd="common:2,0xff900000"/>
<Control ui_type="slider" name="reg_dnr_db_yhdelta2offst2" range="-16~15" addr="0x2d11" mask="20:16" dst="S" desc="reg_dnr_db_yhdelta2offst2, offset for bs=2 s adjust Y s hdelta2 (-16, 15). signed, default = 0" default="0" value="0" cmd="common:2,0xff900000"/>
<Control ui_type="slider" name="reg_dnr_db_yhdelta2gain3" range="0~63" addr="0x2d11" mask="13:8" dst="U" desc="reg_dnr_db_yhdelta2gain3, gain for bs=3 s adjust Y s hdelta2, normalized 64 as 1 . unsigned  , default = 4" default="0" value="0" cmd="common:2,0xff900000"/>
<Control ui_type="slider" name="reg_dnr_db_yhdelta2offst3" range="-16~15" addr="0x2d11" mask="4:0" dst="S" desc="reg_dnr_db_yhdelta2offst3, offset for bs=3 s adjust Y s hdelta2 (-16, 15). signed, default = 0" default="0" value="0" cmd="common:2,0xff900000"/>
<Control ui_type="slider" name="reg_dnr_db_chdeltagain1" range="0~7" addr="0x2d12" mask="26:24" dst="U" desc="reg_dnr_db_chdeltagain1, (p1-q1) gain for UV s delta calc. when bs=1, normalized 8 as 1. unsigned  , default = 2" default="0" value="0" cmd="common:2,0xff900000"/>
<Control ui_type="slider" name="reg_dnr_db_chdeltagain2" range="0~7" addr="0x2d12" mask="22:20" dst="U" desc="reg_dnr_db_chdeltagain2, (p1-q1) gain for UV s delta calc. when bs=2, normalized 8 as 1. unsigned  , default = 0" default="0" value="0" cmd="common:2,0xff900000"/>
<Control ui_type="slider" name="reg_dnr_db_chdeltagain3" range="0~7" addr="0x2d12" mask="18:16" dst="U" desc="reg_dnr_db_chdeltagain3, (p1-q1) gain for UV s delta calc. when bs=3, normalized 8 as 1. unsigned  , default = 0" default="0" value="0" cmd="common:2,0xff900000"/>
<Control ui_type="slider" name="reg_dnr_db_chdeltaadjoffst" range="-64~63" addr="0x2d12" mask="14:8" dst="S" desc="reg_dnr_db_chdeltaadjoffst, offset for adjust UV s hdelta (-64, 63). signed, default = 0" default="0" value="0" cmd="common:2,0xff900000"/>
<Control ui_type="slider" name="reg_dnr_db_chdeltaadjgain" range="0~63" addr="0x2d12" mask="5:0" dst="U" desc="reg_dnr_db_chdeltaadjgain, gain for adjust UV s hdelta, normalized 32 as 1. unsigned  , default = 32" default="0" value="0" cmd="common:2,0xff900000"/>
<Control ui_type="slider" name="reg_dnr_db_chdelta2gain2" range="0~63" addr="0x2d13" mask="29:24" dst="U" desc="reg_dnr_db_chdelta2gain2, gain for bs=2 s adjust UV s hdelta2, normalized 64 as 1 . unsigned  , default = 8" default="0" value="0" cmd="common:2,0xff900000"/>
<Control ui_type="slider" name="reg_dnr_db_chdelta2offst2" range="-16~15" addr="0x2d13" mask="20:16" dst="S" desc="reg_dnr_db_chdelta2offst2, offset for bs=2 s adjust UV s hdelta2 (-16, 15). signed, default = 0" default="0" value="0" cmd="common:2,0xff900000"/>
<Control ui_type="slider" name="reg_dnr_db_chdelta2gain3" range="0~63" addr="0x2d13" mask="13:8" dst="U" desc="reg_dnr_db_chdelta2gain3, gain for bs=2 s adjust UV s hdelta2, normalized 64 as 1 . unsigned  , default = 4" default="0" value="0" cmd="common:2,0xff900000"/>
<Control ui_type="slider" name="reg_dnr_db_chdelta2offst3" range="-16~15" addr="0x2d13" mask="4:0" dst="S" desc="reg_dnr_db_chdelta2offst3, offset for bs=2 s adjust UV s hdelta2 (-16, 15). signed, default = 0" default="0" value="0" cmd="common:2,0xff900000"/>
<Control ui_type="slider" name="reg_dnr_db_yvedgethd" range="0~255" addr="0x2d14" mask="15:8" dst="U" desc="reg_dnr_db_yvedgethd, special Y s edge thd for vdb. unsigned  , default = 12" default="0" value="0" cmd="common:2,0xff900000"/>
<Control ui_type="slider" name="reg_dnr_db_cvedgethd" range="0~255" addr="0x2d14" mask="7:0" dst="U" desc="reg_dnr_db_cvedgethd, special UV s edge thd for vdb. unsigned  , default = 12" default="0" value="0" cmd="common:2,0xff900000"/>
<Control ui_type="slider" name="reg_dnr_db_vgapthd" range="0~255" addr="0x2d15" mask="31:24" dst="U" desc="reg_dnr_db_vgapthd, vertical gap thd (less or equal than) for very sure blockiness . unsigned  , default = 8" default="0" value="0" cmd="common:2,0xff900000"/>
<Control ui_type="slider" name="reg_dnr_db_vactthd" range="0~255" addr="0x2d15" mask="23:16" dst="U" desc="reg_dnr_db_vactthd, thd of vact, for block classification . unsigned  , default = 10" default="0" value="0" cmd="common:2,0xff900000"/>
<Control ui_type="slider" name="reg_dnr_db_vgapdifthd" range="0~255" addr="0x2d15" mask="15:8" dst="U" desc="reg_dnr_db_vgapdifthd, dif thd between vgap and vact. unsigned  , default = 4" default="0" value="0" cmd="common:2,0xff900000"/>
<Control ui_type="slider" name="reg_dnr_db_vbsmax" range="0~3" addr="0x2d15" mask="3:2" dst="U" desc="reg_dnr_db_vbsmax, max value of vbs for global control. unsigned  , default = 2" default="0" value="0" cmd="common:2,0xff900000"/>
<Control ui_type="slider" name="reg_dnr_db_vgbsthd" range="0~3" addr="0x2d15" mask="1:0" dst="U" desc="reg_dnr_db_vgbsthd, gbs thd (&gt;=) for vbs calc.  . unsigned  , default = 1" default="3" value="3" cmd="common:2,0xff900000"/>
<Control ui_type="slider" name="reg_dnr_db_yvdeltaadjgain" range="0~63" addr="0x2d16" mask="29:24" dst="U" desc="reg_dnr_db_yvdeltaadjgain, gain for adjust Y s vdelta, normalized 32 as 1. unsigned  , default = 32" default="0" value="0" cmd="common:2,0xff900000"/>
<Control ui_type="slider" name="reg_dnr_db_yvdeltaadjoffst" range="-64~63" addr="0x2d16" mask="22:16" dst="S" desc="reg_dnr_db_yvdeltaadjoffst, offset for adjust Y s vdelta (-64, 63). signed, default = 0" default="0" value="0" cmd="common:2,0xff900000"/>
<Control ui_type="slider" name="reg_dnr_db_yvdelta2gain" range="0~63" addr="0x2d16" mask="13:8" dst="U" desc="reg_dnr_db_yvdelta2gain, gain for adjust Y s vdelta2, normalized 64 as 1. unsigned  , default = 8" default="0" value="0" cmd="common:2,0xff900000"/>
<Control ui_type="slider" name="reg_dnr_db_yvdelta2offst" range="-16~15" addr="0x2d16" mask="4:0" dst="S" desc="reg_dnr_db_yvdelta2offst, offset for adjust Y s vdelta2 (-16, 15). signed, default = 0" default="0" value="0" cmd="common:2,0xff900000"/>
<Control ui_type="slider" name="reg_dnr_db_cvdeltaadjgain" range="0~63" addr="0x2d17" mask="29:24" dst="U" desc="reg_dnr_db_cvdeltaadjgain, gain for adjust UV s vdelta, normalized 32 as 1. unsigned  , default = 32" default="0" value="0" cmd="common:2,0xff900000"/>
<Control ui_type="slider" name="reg_dnr_db_cvdeltaadjoffst" range="-64~63" addr="0x2d17" mask="22:16" dst="S" desc="reg_dnr_db_cvdeltaadjoffst, offset for adjust UV s vdelta (-64, 63). signed, default = 0" default="0" value="0" cmd="common:2,0xff900000"/>
<Control ui_type="slider" name="reg_dnr_db_cvdelta2gain" range="0~63" addr="0x2d17" mask="13:8" dst="U" desc="reg_dnr_db_cvdelta2gain, gain for adjust UV s vdelta2, normalized 64 as 1. unsigned  , default = 8" default="0" value="0" cmd="common:2,0xff900000"/>
<Control ui_type="slider" name="reg_dnr_db_cvdelta2offst" range="-16~15" addr="0x2d17" mask="4:0" dst="S" desc="reg_dnr_db_cvdelta2offst, offset for adjust UV s vdelta2 (-16, 15). signed, default = 0" default="0" value="0" cmd="common:2,0xff900000"/>
<Control ui_type="slider" name="reg_dnr_gbs_edgethd" range="0~255" addr="0x2d07" mask="31:24" dst="U" desc="reg_dnr_gbs_edgethd, edge threshold (&lt;=) for LR. unsigned, default = 32" default="0" value="0" cmd="common:2,0xff900000"/>
<Control ui_type="slider" name="reg_dnr_gbs_flatthd" range="0~255" addr="0x2d07" mask="23:16" dst="U" desc="reg_dnr_gbs_flatthd, flat threshold (&gt;=) for LR. unsigned, default = 0" default="0" value="0" cmd="common:2,0xff900000"/>
<Control ui_type="slider" name="reg_dnr_gbs_varthd" range="0~255" addr="0x2d07" mask="15:8" dst="U" desc="reg_dnr_gbs_varthd, variation threshold (&lt;=) for Lvar/Rvar. unsigned, default = 16" default="0" value="0" cmd="common:2,0xff900000"/>
<Control ui_type="slider" name="reg_dnr_gbs_difthd" range="0~255" addr="0x2d07" mask="7:0" dst="U" desc="reg_dnr_gbs_difthd, dif threshold (&gt;=) between LR and LL/RR. unsigned, default = 2" default="1" value="1" cmd="common:2,0xff900000"/>
<Control ui_type="slider" name="reg_dnr_stat_xst" range="0~16383" addr="0x2d08" mask="29:16" dst="U" desc="reg_dnr_stat_xst. unsigned, default = 24" default="24" value="24" cmd="common:2,0xff900000"/>
<Control ui_type="slider" name="reg_dnr_stat_xed" range="0~16383" addr="0x2d08" mask="13:0" dst="U" desc="reg_dnr_stat_xed. unsigned, default = HSIZE - 25" default="1895" value="1895" cmd="common:2,0xff900000"/>
<Control ui_type="slider" name="reg_dnr_stat_yst" range="0~16383" addr="0x2d09" mask="29:16" dst="U" desc="reg_dnr_stat_yst. unsigned, default = 24" default="24" value="24" cmd="common:2,0xff900000"/>
<Control ui_type="slider" name="reg_dnr_stat_yed" range="0~16383" addr="0x2d09" mask="13:0" dst="U" desc="reg_dnr_stat_yed. unsigned, default = VSIZE - 25" default="1055" value="1055" cmd="common:2,0xff900000"/>
</Page>
</Group>
<Group num="1" val="Low">
<Page tab_title="" layout="25x4">
<Control ui_type="checkbox" name="reg_dnr_en" range="0~1" addr="0x2d00" mask="16:16" dst="U" desc="reg_dnr_en, default = 1" default="1" value="1" cmd="common:2,0xff900000"/>
<Control ui_type="slider" name="reg_dnr_db_vdbstep" range="0~1" addr="0x2d00" mask="15:15" dst="U" desc="reg_dnr_db_vdbstep,vdb step,0:4, 1:8, default = 1" default="1" value="1" cmd="common:2,0xff900000"/>
<Control ui_type="checkbox" name="reg_dnr_db_vdbprten" range="0~1" addr="0x2d00" mask="14:14" dst="U" desc="reg_dnr_db_vdbprten,vdb protectoin enable, default = 1" default="1" value="1" cmd="common:2,0xff900000"/>
<Control ui_type="checkbox" name="reg_dnr_luma_en" range="0~1" addr="0x2d00" mask="12:12" dst="U" desc="reg_dnr_luma_en,enable ycbcr2luma module,default = 1" default="1" value="1" cmd="common:2,0xff900000"/>
<Control ui_type="slider" name="reg_dnr_db_mode" range="0~3" addr="0x2d00" mask="11:10" dst="U" desc="reg_dnr_db_mode,deblocking mode, 0: disable, 1: horizontal deblocking, 2: vertical deblocking, 3: horizontal and vertical deblocking,default = 3" default="3" value="3" cmd="common:2,0xff900000"/>
<Control ui_type="checkbox" name="reg_dnr_db_chrmen" range="0~1" addr="0x2d00" mask="9:9" dst="U" desc="reg_dnr_db_chrmen,enable chroma deblocking,default = 1" default="1" value="1" cmd="common:2,0xff900000"/>
<Control ui_type="slider" name="reg_dnr_db_yedgethd0" range="0~255" addr="0x2d0b" mask="31:24" dst="U" desc="reg_dnr_db_yedgethd0, edge threshold0 for luma. unsigned  , default = 12" default="8" value="8" cmd="common:2,0xff900000"/>
<Control ui_type="slider" name="reg_dnr_db_yedgethd1" range="0~255" addr="0x2d0b" mask="23:16" dst="U" desc="reg_dnr_db_yedgethd1, edge threshold1 for luma. unsigned  , default = 15" default="10" value="10" cmd="common:2,0xff900000"/>
<Control ui_type="slider" name="reg_dnr_db_yedgethd2" range="0~255" addr="0x2d0b" mask="15:8" dst="U" desc="reg_dnr_db_yedgethd2, edge threshold2 for luma. unsigned  , default = 18" default="18" value="18" cmd="common:2,0xff900000"/>
<Control ui_type="slider" name="reg_dnr_db_yedgethd3" range="0~255" addr="0x2d0b" mask="7:0" dst="U" desc="reg_dnr_db_yedgethd3, edge threshold3 for luma. unsigned  , default = 25" default="25" value="25" cmd="common:2,0xff900000"/>
<Control ui_type="slider" name="reg_dnr_db_cedgethd0" range="0~255" addr="0x2d0c" mask="31:24" dst="U" desc="reg_dnr_db_cedgethd0, edge threshold0 for chroma  . unsigned  , default = 12" default="8" value="8" cmd="common:2,0xff900000"/>
<Control ui_type="slider" name="reg_dnr_db_cedgethd1" range="0~255" addr="0x2d0c" mask="23:16" dst="U" desc="reg_dnr_db_cedgethd1, edge threshold1 for chroma  . unsigned  , default = 15" default="10" value="10" cmd="common:2,0xff900000"/>
<Control ui_type="slider" name="reg_dnr_db_cedgethd2" range="0~255" addr="0x2d0c" mask="15:8" dst="U" desc="reg_dnr_db_cedgethd2, edge threshold2 for chroma  . unsigned  , default = 18" default="18" value="18" cmd="common:2,0xff900000"/>
<Control ui_type="slider" name="reg_dnr_db_cedgethd3" range="0~255" addr="0x2d0c" mask="7:0" dst="U" desc="reg_dnr_db_cedgethd3, edge threshold3 for chroma  . unsigned  , default = 25" default="25" value="25" cmd="common:2,0xff900000"/>
<Control ui_type="slider" name="reg_dnr_db_hgapthd" range="0~255" addr="0x2d0d" mask="23:16" dst="U" desc="reg_dnr_db_hgapthd, horizontal gap thd (less or equal than) for very sure blockiness . unsigned  , default = 8" default="8" value="8" cmd="common:2,0xff900000"/>
<Control ui_type="slider" name="reg_dnr_db_hgapdifthd" range="0~255" addr="0x2d0d" mask="15:8" dst="U" desc="reg_dnr_db_hgapdifthd, dif thd between hgap and lft/rgt hdifs. unsigned  , default = 1" default="1" value="1" cmd="common:2,0xff900000"/>
<Control ui_type="checkbox" name="reg_dnr_db_hgapmod" range="0~1" addr="0x2d0d" mask="0:0" dst="U" desc="reg_dnr_db_hgapmod, horizontal gap calc. mode, 0: just use current col x, 1: find max between (x-1, x, x+1) . unsigned  , default = 0" default="0" value="0" cmd="common:2,0xff900000"/>
<Control ui_type="slider" name="reg_dnr_db_hbsup" range="0~3" addr="0x2d0e" mask="5:4" dst="U" desc="reg_dnr_db_hbsup, horizontal bs up value. unsigned  , default = 1" default="1" value="1" cmd="common:2,0xff900000"/>
<Control ui_type="slider" name="reg_dnr_db_hbsmax" range="0~3" addr="0x2d0e" mask="3:2" dst="U" desc="reg_dnr_db_hbsmax, max value of hbs for global control. unsigned  , default = 3" default="1" value="1" cmd="common:2,0xff900000"/>
<Control ui_type="slider" name="reg_dnr_db_hgbsthd" range="0~3" addr="0x2d0e" mask="1:0" dst="U" desc="reg_dnr_db_hgbsthd, gbs thd (&gt;=) for hbs calc.  . unsigned  , default = 1" default="1" value="1" cmd="common:2,0xff900000"/>
<Control ui_type="slider" name="reg_dnr_db_hactthd0" range="0~255" addr="0x2d0f" mask="15:8" dst="U" desc="reg_dnr_db_hactthd0, thd0 of hact, for block classification. unsigned  , default = 10" default="10" value="10" cmd="common:2,0xff900000"/>
<Control ui_type="slider" name="reg_dnr_db_hactthd1" range="0~255" addr="0x2d0f" mask="7:0" dst="U" desc="reg_dnr_db_hactthd1, thd1 of hact, for block classification. unsigned  , default = 32" default="32" value="32" cmd="common:2,0xff900000"/>
<Control ui_type="slider" name="reg_dnr_db_yhdeltagain1" range="0~7" addr="0x2d10" mask="26:24" dst="U" desc="reg_dnr_db_yhdeltagain1, (p1-q1) gain for Y s delta calc. when bs=1, normalized 8 as 1 . unsigned  , default = 2" default="2" value="2" cmd="common:2,0xff900000"/>
<Control ui_type="slider" name="reg_dnr_db_yhdeltagain2" range="0~7" addr="0x2d10" mask="22:20" dst="U" desc="reg_dnr_db_yhdeltagain2, (p1-q1) gain for Y s delta calc. when bs=2, normalized 8 as 1 . unsigned  , default = 0" default="0" value="0" cmd="common:2,0xff900000"/>
<Control ui_type="slider" name="reg_dnr_db_yhdeltagain3" range="0~7" addr="0x2d10" mask="18:16" dst="U" desc="reg_dnr_db_yhdeltagain3, (p1-q1) gain for Y s delta calc. when bs=3, normalized 8 as 1 . unsigned  , default = 0" default="0" value="0" cmd="common:2,0xff900000"/>
<Control ui_type="slider" name="reg_dnr_db_yhdeltaadjoffst" range="-64~63" addr="0x2d10" mask="14:8" dst="S" desc="reg_dnr_db_yhdeltaadjoffst, offset for adjust Y s hdelta (-64, 63). signed, default = 0" default="0" value="0" cmd="common:2,0xff900000"/>
<Control ui_type="slider" name="reg_dnr_db_yhdeltaadjgain" range="0~63" addr="0x2d10" mask="5:0" dst="U" desc="reg_dnr_db_yhdeltaadjgain, gain for adjust Y s hdelta, normalized 32 as 1 . unsigned  , default = 32" default="32" value="32" cmd="common:2,0xff900000"/>
<Control ui_type="slider" name="reg_dnr_db_yhdelta2gain2" range="0~63" addr="0x2d11" mask="29:24" dst="U" desc="reg_dnr_db_yhdelta2gain2, gain for bs=2 s adjust Y s hdelta2, normalized 64 as 1 . unsigned  , default = 8" default="8" value="8" cmd="common:2,0xff900000"/>
<Control ui_type="slider" name="reg_dnr_db_yhdelta2offst2" range="-16~15" addr="0x2d11" mask="20:16" dst="S" desc="reg_dnr_db_yhdelta2offst2, offset for bs=2 s adjust Y s hdelta2 (-16, 15). signed, default = 0" default="0" value="0" cmd="common:2,0xff900000"/>
<Control ui_type="slider" name="reg_dnr_db_yhdelta2gain3" range="0~63" addr="0x2d11" mask="13:8" dst="U" desc="reg_dnr_db_yhdelta2gain3, gain for bs=3 s adjust Y s hdelta2, normalized 64 as 1 . unsigned  , default = 4" default="4" value="4" cmd="common:2,0xff900000"/>
<Control ui_type="slider" name="reg_dnr_db_yhdelta2offst3" range="-16~15" addr="0x2d11" mask="4:0" dst="S" desc="reg_dnr_db_yhdelta2offst3, offset for bs=3 s adjust Y s hdelta2 (-16, 15). signed, default = 0" default="0" value="0" cmd="common:2,0xff900000"/>
<Control ui_type="slider" name="reg_dnr_db_chdeltagain1" range="0~7" addr="0x2d12" mask="26:24" dst="U" desc="reg_dnr_db_chdeltagain1, (p1-q1) gain for UV s delta calc. when bs=1, normalized 8 as 1. unsigned  , default = 2" default="2" value="2" cmd="common:2,0xff900000"/>
<Control ui_type="slider" name="reg_dnr_db_chdeltagain2" range="0~7" addr="0x2d12" mask="22:20" dst="U" desc="reg_dnr_db_chdeltagain2, (p1-q1) gain for UV s delta calc. when bs=2, normalized 8 as 1. unsigned  , default = 0" default="0" value="0" cmd="common:2,0xff900000"/>
<Control ui_type="slider" name="reg_dnr_db_chdeltagain3" range="0~7" addr="0x2d12" mask="18:16" dst="U" desc="reg_dnr_db_chdeltagain3, (p1-q1) gain for UV s delta calc. when bs=3, normalized 8 as 1. unsigned  , default = 0" default="0" value="0" cmd="common:2,0xff900000"/>
<Control ui_type="slider" name="reg_dnr_db_chdeltaadjoffst" range="-64~63" addr="0x2d12" mask="14:8" dst="S" desc="reg_dnr_db_chdeltaadjoffst, offset for adjust UV s hdelta (-64, 63). signed, default = 0" default="0" value="0" cmd="common:2,0xff900000"/>
<Control ui_type="slider" name="reg_dnr_db_chdeltaadjgain" range="0~63" addr="0x2d12" mask="5:0" dst="U" desc="reg_dnr_db_chdeltaadjgain, gain for adjust UV s hdelta, normalized 32 as 1. unsigned  , default = 32" default="32" value="32" cmd="common:2,0xff900000"/>
<Control ui_type="slider" name="reg_dnr_db_chdelta2gain2" range="0~63" addr="0x2d13" mask="29:24" dst="U" desc="reg_dnr_db_chdelta2gain2, gain for bs=2 s adjust UV s hdelta2, normalized 64 as 1 . unsigned  , default = 8" default="8" value="8" cmd="common:2,0xff900000"/>
<Control ui_type="slider" name="reg_dnr_db_chdelta2offst2" range="-16~15" addr="0x2d13" mask="20:16" dst="S" desc="reg_dnr_db_chdelta2offst2, offset for bs=2 s adjust UV s hdelta2 (-16, 15). signed, default = 0" default="0" value="0" cmd="common:2,0xff900000"/>
<Control ui_type="slider" name="reg_dnr_db_chdelta2gain3" range="0~63" addr="0x2d13" mask="13:8" dst="U" desc="reg_dnr_db_chdelta2gain3, gain for bs=2 s adjust UV s hdelta2, normalized 64 as 1 . unsigned  , default = 4" default="4" value="4" cmd="common:2,0xff900000"/>
<Control ui_type="slider" name="reg_dnr_db_chdelta2offst3" range="-16~15" addr="0x2d13" mask="4:0" dst="S" desc="reg_dnr_db_chdelta2offst3, offset for bs=2 s adjust UV s hdelta2 (-16, 15). signed, default = 0" default="0" value="0" cmd="common:2,0xff900000"/>
<Control ui_type="slider" name="reg_dnr_db_yvedgethd" range="0~255" addr="0x2d14" mask="15:8" dst="U" desc="reg_dnr_db_yvedgethd, special Y s edge thd for vdb. unsigned  , default = 12" default="12" value="12" cmd="common:2,0xff900000"/>
<Control ui_type="slider" name="reg_dnr_db_cvedgethd" range="0~255" addr="0x2d14" mask="7:0" dst="U" desc="reg_dnr_db_cvedgethd, special UV s edge thd for vdb. unsigned  , default = 12" default="12" value="12" cmd="common:2,0xff900000"/>
<Control ui_type="slider" name="reg_dnr_db_vgapthd" range="0~255" addr="0x2d15" mask="31:24" dst="U" desc="reg_dnr_db_vgapthd, vertical gap thd (less or equal than) for very sure blockiness . unsigned  , default = 8" default="8" value="8" cmd="common:2,0xff900000"/>
<Control ui_type="slider" name="reg_dnr_db_vactthd" range="0~255" addr="0x2d15" mask="23:16" dst="U" desc="reg_dnr_db_vactthd, thd of vact, for block classification . unsigned  , default = 10" default="10" value="10" cmd="common:2,0xff900000"/>
<Control ui_type="slider" name="reg_dnr_db_vgapdifthd" range="0~255" addr="0x2d15" mask="15:8" dst="U" desc="reg_dnr_db_vgapdifthd, dif thd between vgap and vact. unsigned  , default = 4" default="2" value="2" cmd="common:2,0xff900000"/>
<Control ui_type="slider" name="reg_dnr_db_vbsmax" range="0~3" addr="0x2d15" mask="3:2" dst="U" desc="reg_dnr_db_vbsmax, max value of vbs for global control. unsigned  , default = 2" default="1" value="1" cmd="common:2,0xff900000"/>
<Control ui_type="slider" name="reg_dnr_db_vgbsthd" range="0~3" addr="0x2d15" mask="1:0" dst="U" desc="reg_dnr_db_vgbsthd, gbs thd (&gt;=) for vbs calc.  . unsigned  , default = 1" default="1" value="1" cmd="common:2,0xff900000"/>
<Control ui_type="slider" name="reg_dnr_db_yvdeltaadjgain" range="0~63" addr="0x2d16" mask="29:24" dst="U" desc="reg_dnr_db_yvdeltaadjgain, gain for adjust Y s vdelta, normalized 32 as 1. unsigned  , default = 32" default="32" value="32" cmd="common:2,0xff900000"/>
<Control ui_type="slider" name="reg_dnr_db_yvdeltaadjoffst" range="-64~63" addr="0x2d16" mask="22:16" dst="S" desc="reg_dnr_db_yvdeltaadjoffst, offset for adjust Y s vdelta (-64, 63). signed, default = 0" default="0" value="0" cmd="common:2,0xff900000"/>
<Control ui_type="slider" name="reg_dnr_db_yvdelta2gain" range="0~63" addr="0x2d16" mask="13:8" dst="U" desc="reg_dnr_db_yvdelta2gain, gain for adjust Y s vdelta2, normalized 64 as 1. unsigned  , default = 8" default="8" value="8" cmd="common:2,0xff900000"/>
<Control ui_type="slider" name="reg_dnr_db_yvdelta2offst" range="-16~15" addr="0x2d16" mask="4:0" dst="S" desc="reg_dnr_db_yvdelta2offst, offset for adjust Y s vdelta2 (-16, 15). signed, default = 0" default="0" value="0" cmd="common:2,0xff900000"/>
<Control ui_type="slider" name="reg_dnr_db_cvdeltaadjgain" range="0~63" addr="0x2d17" mask="29:24" dst="U" desc="reg_dnr_db_cvdeltaadjgain, gain for adjust UV s vdelta, normalized 32 as 1. unsigned  , default = 32" default="32" value="32" cmd="common:2,0xff900000"/>
<Control ui_type="slider" name="reg_dnr_db_cvdeltaadjoffst" range="-64~63" addr="0x2d17" mask="22:16" dst="S" desc="reg_dnr_db_cvdeltaadjoffst, offset for adjust UV s vdelta (-64, 63). signed, default = 0" default="0" value="0" cmd="common:2,0xff900000"/>
<Control ui_type="slider" name="reg_dnr_db_cvdelta2gain" range="0~63" addr="0x2d17" mask="13:8" dst="U" desc="reg_dnr_db_cvdelta2gain, gain for adjust UV s vdelta2, normalized 64 as 1. unsigned  , default = 8" default="8" value="8" cmd="common:2,0xff900000"/>
<Control ui_type="slider" name="reg_dnr_db_cvdelta2offst" range="-16~15" addr="0x2d17" mask="4:0" dst="S" desc="reg_dnr_db_cvdelta2offst, offset for adjust UV s vdelta2 (-16, 15). signed, default = 0" default="0" value="0" cmd="common:2,0xff900000"/>
<Control ui_type="slider" name="reg_dnr_gbs_edgethd" range="0~255" addr="0x2d07" mask="31:24" dst="U" desc="reg_dnr_gbs_edgethd, edge threshold (&lt;=) for LR. unsigned, default = 32" default="32" value="32" cmd="common:2,0xff900000"/>
<Control ui_type="slider" name="reg_dnr_gbs_flatthd" range="0~255" addr="0x2d07" mask="23:16" dst="U" desc="reg_dnr_gbs_flatthd, flat threshold (&gt;=) for LR. unsigned, default = 0" default="32" value="32" cmd="common:2,0xff900000"/>
<Control ui_type="slider" name="reg_dnr_gbs_varthd" range="0~255" addr="0x2d07" mask="15:8" dst="U" desc="reg_dnr_gbs_varthd, variation threshold (&lt;=) for Lvar/Rvar. unsigned, default = 16" default="16" value="16" cmd="common:2,0xff900000"/>
<Control ui_type="slider" name="reg_dnr_gbs_difthd" range="0~255" addr="0x2d07" mask="7:0" dst="U" desc="reg_dnr_gbs_difthd, dif threshold (&gt;=) between LR and LL/RR. unsigned, default = 2" default="2" value="2" cmd="common:2,0xff900000"/>
<Control ui_type="slider" name="reg_dnr_stat_xst" range="0~16383" addr="0x2d08" mask="29:16" dst="U" desc="reg_dnr_stat_xst. unsigned, default = 24" default="24" value="24" cmd="common:2,0xff900000"/>
<Control ui_type="slider" name="reg_dnr_stat_xed" range="0~16383" addr="0x2d08" mask="13:0" dst="U" desc="reg_dnr_stat_xed. unsigned, default = HSIZE - 25" default="1895" value="1895" cmd="common:2,0xff900000"/>
<Control ui_type="slider" name="reg_dnr_stat_yst" range="0~16383" addr="0x2d09" mask="29:16" dst="U" desc="reg_dnr_stat_yst. unsigned, default = 24" default="24" value="24" cmd="common:2,0xff900000"/>
<Control ui_type="slider" name="reg_dnr_stat_yed" range="0~16383" addr="0x2d09" mask="13:0" dst="U" desc="reg_dnr_stat_yed. unsigned, default = VSIZE - 25" default="1055" value="1055" cmd="common:2,0xff900000"/>
</Page>
</Group>
<Group num="2" val="Medium">
<Page tab_title="" layout="25x4">
<Control ui_type="checkbox" name="reg_dnr_en" range="0~1" addr="0x2d00" mask="16:16" dst="U" desc="reg_dnr_en, default = 1" default="1" value="1" cmd="common:2,0xff900000"/>
<Control ui_type="slider" name="reg_dnr_db_vdbstep" range="0~1" addr="0x2d00" mask="15:15" dst="U" desc="reg_dnr_db_vdbstep,vdb step,0:4, 1:8, default = 1" default="1" value="1" cmd="common:2,0xff900000"/>
<Control ui_type="checkbox" name="reg_dnr_db_vdbprten" range="0~1" addr="0x2d00" mask="14:14" dst="U" desc="reg_dnr_db_vdbprten,vdb protectoin enable, default = 1" default="1" value="1" cmd="common:2,0xff900000"/>
<Control ui_type="checkbox" name="reg_dnr_luma_en" range="0~1" addr="0x2d00" mask="12:12" dst="U" desc="reg_dnr_luma_en,enable ycbcr2luma module,default = 1" default="1" value="1" cmd="common:2,0xff900000"/>
<Control ui_type="slider" name="reg_dnr_db_mode" range="0~3" addr="0x2d00" mask="11:10" dst="U" desc="reg_dnr_db_mode,deblocking mode, 0: disable, 1: horizontal deblocking, 2: vertical deblocking, 3: horizontal and vertical deblocking,default = 3" default="3" value="3" cmd="common:2,0xff900000"/>
<Control ui_type="checkbox" name="reg_dnr_db_chrmen" range="0~1" addr="0x2d00" mask="9:9" dst="U" desc="reg_dnr_db_chrmen,enable chroma deblocking,default = 1" default="1" value="1" cmd="common:2,0xff900000"/>
<Control ui_type="slider" name="reg_dnr_db_yedgethd0" range="0~255" addr="0x2d0b" mask="31:24" dst="U" desc="reg_dnr_db_yedgethd0, edge threshold0 for luma. unsigned  , default = 12" default="8" value="8" cmd="common:2,0xff900000"/>
<Control ui_type="slider" name="reg_dnr_db_yedgethd1" range="0~255" addr="0x2d0b" mask="23:16" dst="U" desc="reg_dnr_db_yedgethd1, edge threshold1 for luma. unsigned  , default = 15" default="10" value="10" cmd="common:2,0xff900000"/>
<Control ui_type="slider" name="reg_dnr_db_yedgethd2" range="0~255" addr="0x2d0b" mask="15:8" dst="U" desc="reg_dnr_db_yedgethd2, edge threshold2 for luma. unsigned  , default = 18" default="18" value="18" cmd="common:2,0xff900000"/>
<Control ui_type="slider" name="reg_dnr_db_yedgethd3" range="0~255" addr="0x2d0b" mask="7:0" dst="U" desc="reg_dnr_db_yedgethd3, edge threshold3 for luma. unsigned  , default = 25" default="25" value="25" cmd="common:2,0xff900000"/>
<Control ui_type="slider" name="reg_dnr_db_cedgethd0" range="0~255" addr="0x2d0c" mask="31:24" dst="U" desc="reg_dnr_db_cedgethd0, edge threshold0 for chroma  . unsigned  , default = 12" default="8" value="8" cmd="common:2,0xff900000"/>
<Control ui_type="slider" name="reg_dnr_db_cedgethd1" range="0~255" addr="0x2d0c" mask="23:16" dst="U" desc="reg_dnr_db_cedgethd1, edge threshold1 for chroma  . unsigned  , default = 15" default="10" value="10" cmd="common:2,0xff900000"/>
<Control ui_type="slider" name="reg_dnr_db_cedgethd2" range="0~255" addr="0x2d0c" mask="15:8" dst="U" desc="reg_dnr_db_cedgethd2, edge threshold2 for chroma  . unsigned  , default = 18" default="18" value="18" cmd="common:2,0xff900000"/>
<Control ui_type="slider" name="reg_dnr_db_cedgethd3" range="0~255" addr="0x2d0c" mask="7:0" dst="U" desc="reg_dnr_db_cedgethd3, edge threshold3 for chroma  . unsigned  , default = 25" default="25" value="25" cmd="common:2,0xff900000"/>
<Control ui_type="slider" name="reg_dnr_db_hgapthd" range="0~255" addr="0x2d0d" mask="23:16" dst="U" desc="reg_dnr_db_hgapthd, horizontal gap thd (less or equal than) for very sure blockiness . unsigned  , default = 8" default="8" value="8" cmd="common:2,0xff900000"/>
<Control ui_type="slider" name="reg_dnr_db_hgapdifthd" range="0~255" addr="0x2d0d" mask="15:8" dst="U" desc="reg_dnr_db_hgapdifthd, dif thd between hgap and lft/rgt hdifs. unsigned  , default = 1" default="1" value="1" cmd="common:2,0xff900000"/>
<Control ui_type="checkbox" name="reg_dnr_db_hgapmod" range="0~1" addr="0x2d0d" mask="0:0" dst="U" desc="reg_dnr_db_hgapmod, horizontal gap calc. mode, 0: just use current col x, 1: find max between (x-1, x, x+1) . unsigned  , default = 0" default="0" value="0" cmd="common:2,0xff900000"/>
<Control ui_type="slider" name="reg_dnr_db_hbsup" range="0~3" addr="0x2d0e" mask="5:4" dst="U" desc="reg_dnr_db_hbsup, horizontal bs up value. unsigned  , default = 1" default="1" value="1" cmd="common:2,0xff900000"/>
<Control ui_type="slider" name="reg_dnr_db_hbsmax" range="0~3" addr="0x2d0e" mask="3:2" dst="U" desc="reg_dnr_db_hbsmax, max value of hbs for global control. unsigned  , default = 3" default="3" value="3" cmd="common:2,0xff900000"/>
<Control ui_type="slider" name="reg_dnr_db_hgbsthd" range="0~3" addr="0x2d0e" mask="1:0" dst="U" desc="reg_dnr_db_hgbsthd, gbs thd (&gt;=) for hbs calc.  . unsigned  , default = 1" default="1" value="1" cmd="common:2,0xff900000"/>
<Control ui_type="slider" name="reg_dnr_db_hactthd0" range="0~255" addr="0x2d0f" mask="15:8" dst="U" desc="reg_dnr_db_hactthd0, thd0 of hact, for block classification. unsigned  , default = 10" default="10" value="10" cmd="common:2,0xff900000"/>
<Control ui_type="slider" name="reg_dnr_db_hactthd1" range="0~255" addr="0x2d0f" mask="7:0" dst="U" desc="reg_dnr_db_hactthd1, thd1 of hact, for block classification. unsigned  , default = 32" default="32" value="32" cmd="common:2,0xff900000"/>
<Control ui_type="slider" name="reg_dnr_db_yhdeltagain1" range="0~7" addr="0x2d10" mask="26:24" dst="U" desc="reg_dnr_db_yhdeltagain1, (p1-q1) gain for Y s delta calc. when bs=1, normalized 8 as 1 . unsigned  , default = 2" default="2" value="2" cmd="common:2,0xff900000"/>
<Control ui_type="slider" name="reg_dnr_db_yhdeltagain2" range="0~7" addr="0x2d10" mask="22:20" dst="U" desc="reg_dnr_db_yhdeltagain2, (p1-q1) gain for Y s delta calc. when bs=2, normalized 8 as 1 . unsigned  , default = 0" default="0" value="0" cmd="common:2,0xff900000"/>
<Control ui_type="slider" name="reg_dnr_db_yhdeltagain3" range="0~7" addr="0x2d10" mask="18:16" dst="U" desc="reg_dnr_db_yhdeltagain3, (p1-q1) gain for Y s delta calc. when bs=3, normalized 8 as 1 . unsigned  , default = 0" default="0" value="0" cmd="common:2,0xff900000"/>
<Control ui_type="slider" name="reg_dnr_db_yhdeltaadjoffst" range="-64~63" addr="0x2d10" mask="14:8" dst="S" desc="reg_dnr_db_yhdeltaadjoffst, offset for adjust Y s hdelta (-64, 63). signed, default = 0" default="0" value="0" cmd="common:2,0xff900000"/>
<Control ui_type="slider" name="reg_dnr_db_yhdeltaadjgain" range="0~63" addr="0x2d10" mask="5:0" dst="U" desc="reg_dnr_db_yhdeltaadjgain, gain for adjust Y s hdelta, normalized 32 as 1 . unsigned  , default = 32" default="32" value="32" cmd="common:2,0xff900000"/>
<Control ui_type="slider" name="reg_dnr_db_yhdelta2gain2" range="0~63" addr="0x2d11" mask="29:24" dst="U" desc="reg_dnr_db_yhdelta2gain2, gain for bs=2 s adjust Y s hdelta2, normalized 64 as 1 . unsigned  , default = 8" default="8" value="8" cmd="common:2,0xff900000"/>
<Control ui_type="slider" name="reg_dnr_db_yhdelta2offst2" range="-16~15" addr="0x2d11" mask="20:16" dst="S" desc="reg_dnr_db_yhdelta2offst2, offset for bs=2 s adjust Y s hdelta2 (-16, 15). signed, default = 0" default="0" value="0" cmd="common:2,0xff900000"/>
<Control ui_type="slider" name="reg_dnr_db_yhdelta2gain3" range="0~63" addr="0x2d11" mask="13:8" dst="U" desc="reg_dnr_db_yhdelta2gain3, gain for bs=3 s adjust Y s hdelta2, normalized 64 as 1 . unsigned  , default = 4" default="4" value="4" cmd="common:2,0xff900000"/>
<Control ui_type="slider" name="reg_dnr_db_yhdelta2offst3" range="-16~15" addr="0x2d11" mask="4:0" dst="S" desc="reg_dnr_db_yhdelta2offst3, offset for bs=3 s adjust Y s hdelta2 (-16, 15). signed, default = 0" default="0" value="0" cmd="common:2,0xff900000"/>
<Control ui_type="slider" name="reg_dnr_db_chdeltagain1" range="0~7" addr="0x2d12" mask="26:24" dst="U" desc="reg_dnr_db_chdeltagain1, (p1-q1) gain for UV s delta calc. when bs=1, normalized 8 as 1. unsigned  , default = 2" default="2" value="2" cmd="common:2,0xff900000"/>
<Control ui_type="slider" name="reg_dnr_db_chdeltagain2" range="0~7" addr="0x2d12" mask="22:20" dst="U" desc="reg_dnr_db_chdeltagain2, (p1-q1) gain for UV s delta calc. when bs=2, normalized 8 as 1. unsigned  , default = 0" default="0" value="0" cmd="common:2,0xff900000"/>
<Control ui_type="slider" name="reg_dnr_db_chdeltagain3" range="0~7" addr="0x2d12" mask="18:16" dst="U" desc="reg_dnr_db_chdeltagain3, (p1-q1) gain for UV s delta calc. when bs=3, normalized 8 as 1. unsigned  , default = 0" default="0" value="0" cmd="common:2,0xff900000"/>
<Control ui_type="slider" name="reg_dnr_db_chdeltaadjoffst" range="-64~63" addr="0x2d12" mask="14:8" dst="S" desc="reg_dnr_db_chdeltaadjoffst, offset for adjust UV s hdelta (-64, 63). signed, default = 0" default="0" value="0" cmd="common:2,0xff900000"/>
<Control ui_type="slider" name="reg_dnr_db_chdeltaadjgain" range="0~63" addr="0x2d12" mask="5:0" dst="U" desc="reg_dnr_db_chdeltaadjgain, gain for adjust UV s hdelta, normalized 32 as 1. unsigned  , default = 32" default="32" value="32" cmd="common:2,0xff900000"/>
<Control ui_type="slider" name="reg_dnr_db_chdelta2gain2" range="0~63" addr="0x2d13" mask="29:24" dst="U" desc="reg_dnr_db_chdelta2gain2, gain for bs=2 s adjust UV s hdelta2, normalized 64 as 1 . unsigned  , default = 8" default="8" value="8" cmd="common:2,0xff900000"/>
<Control ui_type="slider" name="reg_dnr_db_chdelta2offst2" range="-16~15" addr="0x2d13" mask="20:16" dst="S" desc="reg_dnr_db_chdelta2offst2, offset for bs=2 s adjust UV s hdelta2 (-16, 15). signed, default = 0" default="0" value="0" cmd="common:2,0xff900000"/>
<Control ui_type="slider" name="reg_dnr_db_chdelta2gain3" range="0~63" addr="0x2d13" mask="13:8" dst="U" desc="reg_dnr_db_chdelta2gain3, gain for bs=2 s adjust UV s hdelta2, normalized 64 as 1 . unsigned  , default = 4" default="4" value="4" cmd="common:2,0xff900000"/>
<Control ui_type="slider" name="reg_dnr_db_chdelta2offst3" range="-16~15" addr="0x2d13" mask="4:0" dst="S" desc="reg_dnr_db_chdelta2offst3, offset for bs=2 s adjust UV s hdelta2 (-16, 15). signed, default = 0" default="0" value="0" cmd="common:2,0xff900000"/>
<Control ui_type="slider" name="reg_dnr_db_yvedgethd" range="0~255" addr="0x2d14" mask="15:8" dst="U" desc="reg_dnr_db_yvedgethd, special Y s edge thd for vdb. unsigned  , default = 12" default="12" value="12" cmd="common:2,0xff900000"/>
<Control ui_type="slider" name="reg_dnr_db_cvedgethd" range="0~255" addr="0x2d14" mask="7:0" dst="U" desc="reg_dnr_db_cvedgethd, special UV s edge thd for vdb. unsigned  , default = 12" default="12" value="12" cmd="common:2,0xff900000"/>
<Control ui_type="slider" name="reg_dnr_db_vgapthd" range="0~255" addr="0x2d15" mask="31:24" dst="U" desc="reg_dnr_db_vgapthd, vertical gap thd (less or equal than) for very sure blockiness . unsigned  , default = 8" default="8" value="8" cmd="common:2,0xff900000"/>
<Control ui_type="slider" name="reg_dnr_db_vactthd" range="0~255" addr="0x2d15" mask="23:16" dst="U" desc="reg_dnr_db_vactthd, thd of vact, for block classification . unsigned  , default = 10" default="10" value="10" cmd="common:2,0xff900000"/>
<Control ui_type="slider" name="reg_dnr_db_vgapdifthd" range="0~255" addr="0x2d15" mask="15:8" dst="U" desc="reg_dnr_db_vgapdifthd, dif thd between vgap and vact. unsigned  , default = 4" default="2" value="2" cmd="common:2,0xff900000"/>
<Control ui_type="slider" name="reg_dnr_db_vbsmax" range="0~3" addr="0x2d15" mask="3:2" dst="U" desc="reg_dnr_db_vbsmax, max value of vbs for global control. unsigned  , default = 2" default="2" value="2" cmd="common:2,0xff900000"/>
<Control ui_type="slider" name="reg_dnr_db_vgbsthd" range="0~3" addr="0x2d15" mask="1:0" dst="U" desc="reg_dnr_db_vgbsthd, gbs thd (&gt;=) for vbs calc.  . unsigned  , default = 1" default="1" value="1" cmd="common:2,0xff900000"/>
<Control ui_type="slider" name="reg_dnr_db_yvdeltaadjgain" range="0~63" addr="0x2d16" mask="29:24" dst="U" desc="reg_dnr_db_yvdeltaadjgain, gain for adjust Y s vdelta, normalized 32 as 1. unsigned  , default = 32" default="32" value="32" cmd="common:2,0xff900000"/>
<Control ui_type="slider" name="reg_dnr_db_yvdeltaadjoffst" range="-64~63" addr="0x2d16" mask="22:16" dst="S" desc="reg_dnr_db_yvdeltaadjoffst, offset for adjust Y s vdelta (-64, 63). signed, default = 0" default="0" value="0" cmd="common:2,0xff900000"/>
<Control ui_type="slider" name="reg_dnr_db_yvdelta2gain" range="0~63" addr="0x2d16" mask="13:8" dst="U" desc="reg_dnr_db_yvdelta2gain, gain for adjust Y s vdelta2, normalized 64 as 1. unsigned  , default = 8" default="8" value="8" cmd="common:2,0xff900000"/>
<Control ui_type="slider" name="reg_dnr_db_yvdelta2offst" range="-16~15" addr="0x2d16" mask="4:0" dst="S" desc="reg_dnr_db_yvdelta2offst, offset for adjust Y s vdelta2 (-16, 15). signed, default = 0" default="0" value="0" cmd="common:2,0xff900000"/>
<Control ui_type="slider" name="reg_dnr_db_cvdeltaadjgain" range="0~63" addr="0x2d17" mask="29:24" dst="U" desc="reg_dnr_db_cvdeltaadjgain, gain for adjust UV s vdelta, normalized 32 as 1. unsigned  , default = 32" default="32" value="32" cmd="common:2,0xff900000"/>
<Control ui_type="slider" name="reg_dnr_db_cvdeltaadjoffst" range="-64~63" addr="0x2d17" mask="22:16" dst="S" desc="reg_dnr_db_cvdeltaadjoffst, offset for adjust UV s vdelta (-64, 63). signed, default = 0" default="0" value="0" cmd="common:2,0xff900000"/>
<Control ui_type="slider" name="reg_dnr_db_cvdelta2gain" range="0~63" addr="0x2d17" mask="13:8" dst="U" desc="reg_dnr_db_cvdelta2gain, gain for adjust UV s vdelta2, normalized 64 as 1. unsigned  , default = 8" default="8" value="8" cmd="common:2,0xff900000"/>
<Control ui_type="slider" name="reg_dnr_db_cvdelta2offst" range="-16~15" addr="0x2d17" mask="4:0" dst="S" desc="reg_dnr_db_cvdelta2offst, offset for adjust UV s vdelta2 (-16, 15). signed, default = 0" default="0" value="0" cmd="common:2,0xff900000"/>
<Control ui_type="slider" name="reg_dnr_gbs_edgethd" range="0~255" addr="0x2d07" mask="31:24" dst="U" desc="reg_dnr_gbs_edgethd, edge threshold (&lt;=) for LR. unsigned, default = 32" default="16" value="16" cmd="common:2,0xff900000"/>
<Control ui_type="slider" name="reg_dnr_gbs_flatthd" range="0~255" addr="0x2d07" mask="23:16" dst="U" desc="reg_dnr_gbs_flatthd, flat threshold (&gt;=) for LR. unsigned, default = 0" default="16" value="16" cmd="common:2,0xff900000"/>
<Control ui_type="slider" name="reg_dnr_gbs_varthd" range="0~255" addr="0x2d07" mask="15:8" dst="U" desc="reg_dnr_gbs_varthd, variation threshold (&lt;=) for Lvar/Rvar. unsigned, default = 16" default="16" value="16" cmd="common:2,0xff900000"/>
<Control ui_type="slider" name="reg_dnr_gbs_difthd" range="0~255" addr="0x2d07" mask="7:0" dst="U" desc="reg_dnr_gbs_difthd, dif threshold (&gt;=) between LR and LL/RR. unsigned, default = 2" default="2" value="2" cmd="common:2,0xff900000"/>
<Control ui_type="slider" name="reg_dnr_stat_xst" range="0~16383" addr="0x2d08" mask="29:16" dst="U" desc="reg_dnr_stat_xst. unsigned, default = 24" default="24" value="24" cmd="common:2,0xff900000"/>
<Control ui_type="slider" name="reg_dnr_stat_xed" range="0~16383" addr="0x2d08" mask="13:0" dst="U" desc="reg_dnr_stat_xed. unsigned, default = HSIZE - 25" default="1895" value="1895" cmd="common:2,0xff900000"/>
<Control ui_type="slider" name="reg_dnr_stat_yst" range="0~16383" addr="0x2d09" mask="29:16" dst="U" desc="reg_dnr_stat_yst. unsigned, default = 24" default="24" value="24" cmd="common:2,0xff900000"/>
<Control ui_type="slider" name="reg_dnr_stat_yed" range="0~16383" addr="0x2d09" mask="13:0" dst="U" desc="reg_dnr_stat_yed. unsigned, default = VSIZE - 25" default="1055" value="1055" cmd="common:2,0xff900000"/>
</Page>
</Group>
<Group num="3" val="High">
<Page tab_title="" layout="25x4">
<Control ui_type="checkbox" name="reg_dnr_en" range="0~1" addr="0x2d00" mask="16:16" dst="U" desc="reg_dnr_en, default = 1" default="1" value="1" cmd="common:2,0xff900000"/>
<Control ui_type="slider" name="reg_dnr_db_vdbstep" range="0~1" addr="0x2d00" mask="15:15" dst="U" desc="reg_dnr_db_vdbstep,vdb step,0:4, 1:8, default = 1" default="1" value="1" cmd="common:2,0xff900000"/>
<Control ui_type="checkbox" name="reg_dnr_db_vdbprten" range="0~1" addr="0x2d00" mask="14:14" dst="U" desc="reg_dnr_db_vdbprten,vdb protectoin enable, default = 1" default="1" value="1" cmd="common:2,0xff900000"/>
<Control ui_type="checkbox" name="reg_dnr_luma_en" range="0~1" addr="0x2d00" mask="12:12" dst="U" desc="reg_dnr_luma_en,enable ycbcr2luma module,default = 1" default="1" value="1" cmd="common:2,0xff900000"/>
<Control ui_type="slider" name="reg_dnr_db_mode" range="0~3" addr="0x2d00" mask="11:10" dst="U" desc="reg_dnr_db_mode,deblocking mode, 0: disable, 1: horizontal deblocking, 2: vertical deblocking, 3: horizontal and vertical deblocking,default = 3" default="3" value="3" cmd="common:2,0xff900000"/>
<Control ui_type="checkbox" name="reg_dnr_db_chrmen" range="0~1" addr="0x2d00" mask="9:9" dst="U" desc="reg_dnr_db_chrmen,enable chroma deblocking,default = 1" default="1" value="1" cmd="common:2,0xff900000"/>
<Control ui_type="slider" name="reg_dnr_db_yedgethd0" range="0~255" addr="0x2d0b" mask="31:24" dst="U" desc="reg_dnr_db_yedgethd0, edge threshold0 for luma. unsigned  , default = 12" default="8" value="8" cmd="common:2,0xff900000"/>
<Control ui_type="slider" name="reg_dnr_db_yedgethd1" range="0~255" addr="0x2d0b" mask="23:16" dst="U" desc="reg_dnr_db_yedgethd1, edge threshold1 for luma. unsigned  , default = 15" default="10" value="10" cmd="common:2,0xff900000"/>
<Control ui_type="slider" name="reg_dnr_db_yedgethd2" range="0~255" addr="0x2d0b" mask="15:8" dst="U" desc="reg_dnr_db_yedgethd2, edge threshold2 for luma. unsigned  , default = 18" default="18" value="18" cmd="common:2,0xff900000"/>
<Control ui_type="slider" name="reg_dnr_db_yedgethd3" range="0~255" addr="0x2d0b" mask="7:0" dst="U" desc="reg_dnr_db_yedgethd3, edge threshold3 for luma. unsigned  , default = 25" default="25" value="25" cmd="common:2,0xff900000"/>
<Control ui_type="slider" name="reg_dnr_db_cedgethd0" range="0~255" addr="0x2d0c" mask="31:24" dst="U" desc="reg_dnr_db_cedgethd0, edge threshold0 for chroma  . unsigned  , default = 12" default="8" value="8" cmd="common:2,0xff900000"/>
<Control ui_type="slider" name="reg_dnr_db_cedgethd1" range="0~255" addr="0x2d0c" mask="23:16" dst="U" desc="reg_dnr_db_cedgethd1, edge threshold1 for chroma  . unsigned  , default = 15" default="10" value="10" cmd="common:2,0xff900000"/>
<Control ui_type="slider" name="reg_dnr_db_cedgethd2" range="0~255" addr="0x2d0c" mask="15:8" dst="U" desc="reg_dnr_db_cedgethd2, edge threshold2 for chroma  . unsigned  , default = 18" default="18" value="18" cmd="common:2,0xff900000"/>
<Control ui_type="slider" name="reg_dnr_db_cedgethd3" range="0~255" addr="0x2d0c" mask="7:0" dst="U" desc="reg_dnr_db_cedgethd3, edge threshold3 for chroma  . unsigned  , default = 25" default="25" value="25" cmd="common:2,0xff900000"/>
<Control ui_type="slider" name="reg_dnr_db_hgapthd" range="0~255" addr="0x2d0d" mask="23:16" dst="U" desc="reg_dnr_db_hgapthd, horizontal gap thd (less or equal than) for very sure blockiness . unsigned  , default = 8" default="8" value="8" cmd="common:2,0xff900000"/>
<Control ui_type="slider" name="reg_dnr_db_hgapdifthd" range="0~255" addr="0x2d0d" mask="15:8" dst="U" desc="reg_dnr_db_hgapdifthd, dif thd between hgap and lft/rgt hdifs. unsigned  , default = 1" default="1" value="1" cmd="common:2,0xff900000"/>
<Control ui_type="checkbox" name="reg_dnr_db_hgapmod" range="0~1" addr="0x2d0d" mask="0:0" dst="U" desc="reg_dnr_db_hgapmod, horizontal gap calc. mode, 0: just use current col x, 1: find max between (x-1, x, x+1) . unsigned  , default = 0" default="0" value="0" cmd="common:2,0xff900000"/>
<Control ui_type="slider" name="reg_dnr_db_hbsup" range="0~3" addr="0x2d0e" mask="5:4" dst="U" desc="reg_dnr_db_hbsup, horizontal bs up value. unsigned  , default = 1" default="3" value="3" cmd="common:2,0xff900000"/>
<Control ui_type="slider" name="reg_dnr_db_hbsmax" range="0~3" addr="0x2d0e" mask="3:2" dst="U" desc="reg_dnr_db_hbsmax, max value of hbs for global control. unsigned  , default = 3" default="3" value="3" cmd="common:2,0xff900000"/>
<Control ui_type="slider" name="reg_dnr_db_hgbsthd" range="0~3" addr="0x2d0e" mask="1:0" dst="U" desc="reg_dnr_db_hgbsthd, gbs thd (&gt;=) for hbs calc.  . unsigned  , default = 1" default="0" value="0" cmd="common:2,0xff900000"/>
<Control ui_type="slider" name="reg_dnr_db_hactthd0" range="0~255" addr="0x2d0f" mask="15:8" dst="U" desc="reg_dnr_db_hactthd0, thd0 of hact, for block classification. unsigned  , default = 10" default="16" value="16" cmd="common:2,0xff900000"/>
<Control ui_type="slider" name="reg_dnr_db_hactthd1" range="0~255" addr="0x2d0f" mask="7:0" dst="U" desc="reg_dnr_db_hactthd1, thd1 of hact, for block classification. unsigned  , default = 32" default="32" value="32" cmd="common:2,0xff900000"/>
<Control ui_type="slider" name="reg_dnr_db_yhdeltagain1" range="0~7" addr="0x2d10" mask="26:24" dst="U" desc="reg_dnr_db_yhdeltagain1, (p1-q1) gain for Y s delta calc. when bs=1, normalized 8 as 1 . unsigned  , default = 2" default="3" value="3" cmd="common:2,0xff900000"/>
<Control ui_type="slider" name="reg_dnr_db_yhdeltagain2" range="0~7" addr="0x2d10" mask="22:20" dst="U" desc="reg_dnr_db_yhdeltagain2, (p1-q1) gain for Y s delta calc. when bs=2, normalized 8 as 1 . unsigned  , default = 0" default="0" value="0" cmd="common:2,0xff900000"/>
<Control ui_type="slider" name="reg_dnr_db_yhdeltagain3" range="0~7" addr="0x2d10" mask="18:16" dst="U" desc="reg_dnr_db_yhdeltagain3, (p1-q1) gain for Y s delta calc. when bs=3, normalized 8 as 1 . unsigned  , default = 0" default="0" value="0" cmd="common:2,0xff900000"/>
<Control ui_type="slider" name="reg_dnr_db_yhdeltaadjoffst" range="-64~63" addr="0x2d10" mask="14:8" dst="S" desc="reg_dnr_db_yhdeltaadjoffst, offset for adjust Y s hdelta (-64, 63). signed, default = 0" default="0" value="0" cmd="common:2,0xff900000"/>
<Control ui_type="slider" name="reg_dnr_db_yhdeltaadjgain" range="0~63" addr="0x2d10" mask="5:0" dst="U" desc="reg_dnr_db_yhdeltaadjgain, gain for adjust Y s hdelta, normalized 32 as 1 . unsigned  , default = 32" default="32" value="32" cmd="common:2,0xff900000"/>
<Control ui_type="slider" name="reg_dnr_db_yhdelta2gain2" range="0~63" addr="0x2d11" mask="29:24" dst="U" desc="reg_dnr_db_yhdelta2gain2, gain for bs=2 s adjust Y s hdelta2, normalized 64 as 1 . unsigned  , default = 8" default="10" value="10" cmd="common:2,0xff900000"/>
<Control ui_type="slider" name="reg_dnr_db_yhdelta2offst2" range="-16~15" addr="0x2d11" mask="20:16" dst="S" desc="reg_dnr_db_yhdelta2offst2, offset for bs=2 s adjust Y s hdelta2 (-16, 15). signed, default = 0" default="0" value="0" cmd="common:2,0xff900000"/>
<Control ui_type="slider" name="reg_dnr_db_yhdelta2gain3" range="0~63" addr="0x2d11" mask="13:8" dst="U" desc="reg_dnr_db_yhdelta2gain3, gain for bs=3 s adjust Y s hdelta2, normalized 64 as 1 . unsigned  , default = 4" default="0" value="0" cmd="common:2,0xff900000"/>
<Control ui_type="slider" name="reg_dnr_db_yhdelta2offst3" range="-16~15" addr="0x2d11" mask="4:0" dst="S" desc="reg_dnr_db_yhdelta2offst3, offset for bs=3 s adjust Y s hdelta2 (-16, 15). signed, default = 0" default="0" value="0" cmd="common:2,0xff900000"/>
<Control ui_type="slider" name="reg_dnr_db_chdeltagain1" range="0~7" addr="0x2d12" mask="26:24" dst="U" desc="reg_dnr_db_chdeltagain1, (p1-q1) gain for UV s delta calc. when bs=1, normalized 8 as 1. unsigned  , default = 2" default="3" value="3" cmd="common:2,0xff900000"/>
<Control ui_type="slider" name="reg_dnr_db_chdeltagain2" range="0~7" addr="0x2d12" mask="22:20" dst="U" desc="reg_dnr_db_chdeltagain2, (p1-q1) gain for UV s delta calc. when bs=2, normalized 8 as 1. unsigned  , default = 0" default="0" value="0" cmd="common:2,0xff900000"/>
<Control ui_type="slider" name="reg_dnr_db_chdeltagain3" range="0~7" addr="0x2d12" mask="18:16" dst="U" desc="reg_dnr_db_chdeltagain3, (p1-q1) gain for UV s delta calc. when bs=3, normalized 8 as 1. unsigned  , default = 0" default="0" value="0" cmd="common:2,0xff900000"/>
<Control ui_type="slider" name="reg_dnr_db_chdeltaadjoffst" range="-64~63" addr="0x2d12" mask="14:8" dst="S" desc="reg_dnr_db_chdeltaadjoffst, offset for adjust UV s hdelta (-64, 63). signed, default = 0" default="0" value="0" cmd="common:2,0xff900000"/>
<Control ui_type="slider" name="reg_dnr_db_chdeltaadjgain" range="0~63" addr="0x2d12" mask="5:0" dst="U" desc="reg_dnr_db_chdeltaadjgain, gain for adjust UV s hdelta, normalized 32 as 1. unsigned  , default = 32" default="32" value="32" cmd="common:2,0xff900000"/>
<Control ui_type="slider" name="reg_dnr_db_chdelta2gain2" range="0~63" addr="0x2d13" mask="29:24" dst="U" desc="reg_dnr_db_chdelta2gain2, gain for bs=2 s adjust UV s hdelta2, normalized 64 as 1 . unsigned  , default = 8" default="10" value="10" cmd="common:2,0xff900000"/>
<Control ui_type="slider" name="reg_dnr_db_chdelta2offst2" range="-16~15" addr="0x2d13" mask="20:16" dst="S" desc="reg_dnr_db_chdelta2offst2, offset for bs=2 s adjust UV s hdelta2 (-16, 15). signed, default = 0" default="0" value="0" cmd="common:2,0xff900000"/>
<Control ui_type="slider" name="reg_dnr_db_chdelta2gain3" range="0~63" addr="0x2d13" mask="13:8" dst="U" desc="reg_dnr_db_chdelta2gain3, gain for bs=2 s adjust UV s hdelta2, normalized 64 as 1 . unsigned  , default = 4" default="0" value="0" cmd="common:2,0xff900000"/>
<Control ui_type="slider" name="reg_dnr_db_chdelta2offst3" range="-16~15" addr="0x2d13" mask="4:0" dst="S" desc="reg_dnr_db_chdelta2offst3, offset for bs=2 s adjust UV s hdelta2 (-16, 15). signed, default = 0" default="0" value="0" cmd="common:2,0xff900000"/>
<Control ui_type="slider" name="reg_dnr_db_yvedgethd" range="0~255" addr="0x2d14" mask="15:8" dst="U" desc="reg_dnr_db_yvedgethd, special Y s edge thd for vdb. unsigned  , default = 12" default="12" value="12" cmd="common:2,0xff900000"/>
<Control ui_type="slider" name="reg_dnr_db_cvedgethd" range="0~255" addr="0x2d14" mask="7:0" dst="U" desc="reg_dnr_db_cvedgethd, special UV s edge thd for vdb. unsigned  , default = 12" default="12" value="12" cmd="common:2,0xff900000"/>
<Control ui_type="slider" name="reg_dnr_db_vgapthd" range="0~255" addr="0x2d15" mask="31:24" dst="U" desc="reg_dnr_db_vgapthd, vertical gap thd (less or equal than) for very sure blockiness . unsigned  , default = 8" default="8" value="8" cmd="common:2,0xff900000"/>
<Control ui_type="slider" name="reg_dnr_db_vactthd" range="0~255" addr="0x2d15" mask="23:16" dst="U" desc="reg_dnr_db_vactthd, thd of vact, for block classification . unsigned  , default = 10" default="10" value="10" cmd="common:2,0xff900000"/>
<Control ui_type="slider" name="reg_dnr_db_vgapdifthd" range="0~255" addr="0x2d15" mask="15:8" dst="U" desc="reg_dnr_db_vgapdifthd, dif thd between vgap and vact. unsigned  , default = 4" default="1" value="1" cmd="common:2,0xff900000"/>
<Control ui_type="slider" name="reg_dnr_db_vbsmax" range="0~3" addr="0x2d15" mask="3:2" dst="U" desc="reg_dnr_db_vbsmax, max value of vbs for global control. unsigned  , default = 2" default="3" value="3" cmd="common:2,0xff900000"/>
<Control ui_type="slider" name="reg_dnr_db_vgbsthd" range="0~3" addr="0x2d15" mask="1:0" dst="U" desc="reg_dnr_db_vgbsthd, gbs thd (&gt;=) for vbs calc.  . unsigned  , default = 1" default="0" value="0" cmd="common:2,0xff900000"/>
<Control ui_type="slider" name="reg_dnr_db_yvdeltaadjgain" range="0~63" addr="0x2d16" mask="29:24" dst="U" desc="reg_dnr_db_yvdeltaadjgain, gain for adjust Y s vdelta, normalized 32 as 1. unsigned  , default = 32" default="32" value="32" cmd="common:2,0xff900000"/>
<Control ui_type="slider" name="reg_dnr_db_yvdeltaadjoffst" range="-64~63" addr="0x2d16" mask="22:16" dst="S" desc="reg_dnr_db_yvdeltaadjoffst, offset for adjust Y s vdelta (-64, 63). signed, default = 0" default="0" value="0" cmd="common:2,0xff900000"/>
<Control ui_type="slider" name="reg_dnr_db_yvdelta2gain" range="0~63" addr="0x2d16" mask="13:8" dst="U" desc="reg_dnr_db_yvdelta2gain, gain for adjust Y s vdelta2, normalized 64 as 1. unsigned  , default = 8" default="8" value="8" cmd="common:2,0xff900000"/>
<Control ui_type="slider" name="reg_dnr_db_yvdelta2offst" range="-16~15" addr="0x2d16" mask="4:0" dst="S" desc="reg_dnr_db_yvdelta2offst, offset for adjust Y s vdelta2 (-16, 15). signed, default = 0" default="0" value="0" cmd="common:2,0xff900000"/>
<Control ui_type="slider" name="reg_dnr_db_cvdeltaadjgain" range="0~63" addr="0x2d17" mask="29:24" dst="U" desc="reg_dnr_db_cvdeltaadjgain, gain for adjust UV s vdelta, normalized 32 as 1. unsigned  , default = 32" default="32" value="32" cmd="common:2,0xff900000"/>
<Control ui_type="slider" name="reg_dnr_db_cvdeltaadjoffst" range="-64~63" addr="0x2d17" mask="22:16" dst="S" desc="reg_dnr_db_cvdeltaadjoffst, offset for adjust UV s vdelta (-64, 63). signed, default = 0" default="0" value="0" cmd="common:2,0xff900000"/>
<Control ui_type="slider" name="reg_dnr_db_cvdelta2gain" range="0~63" addr="0x2d17" mask="13:8" dst="U" desc="reg_dnr_db_cvdelta2gain, gain for adjust UV s vdelta2, normalized 64 as 1. unsigned  , default = 8" default="8" value="8" cmd="common:2,0xff900000"/>
<Control ui_type="slider" name="reg_dnr_db_cvdelta2offst" range="-16~15" addr="0x2d17" mask="4:0" dst="S" desc="reg_dnr_db_cvdelta2offst, offset for adjust UV s vdelta2 (-16, 15). signed, default = 0" default="0" value="0" cmd="common:2,0xff900000"/>
<Control ui_type="slider" name="reg_dnr_gbs_edgethd" range="0~255" addr="0x2d07" mask="31:24" dst="U" desc="reg_dnr_gbs_edgethd, edge threshold (&lt;=) for LR. unsigned, default = 32" default="0" value="0" cmd="common:2,0xff900000"/>
<Control ui_type="slider" name="reg_dnr_gbs_flatthd" range="0~255" addr="0x2d07" mask="23:16" dst="U" desc="reg_dnr_gbs_flatthd, flat threshold (&gt;=) for LR. unsigned, default = 0" default="0" value="0" cmd="common:2,0xff900000"/>
<Control ui_type="slider" name="reg_dnr_gbs_varthd" range="0~255" addr="0x2d07" mask="15:8" dst="U" desc="reg_dnr_gbs_varthd, variation threshold (&lt;=) for Lvar/Rvar. unsigned, default = 16" default="16" value="16" cmd="common:2,0xff900000"/>
<Control ui_type="slider" name="reg_dnr_gbs_difthd" range="0~255" addr="0x2d07" mask="7:0" dst="U" desc="reg_dnr_gbs_difthd, dif threshold (&gt;=) between LR and LL/RR. unsigned, default = 2" default="2" value="2" cmd="common:2,0xff900000"/>
<Control ui_type="slider" name="reg_dnr_stat_xst" range="0~16383" addr="0x2d08" mask="29:16" dst="U" desc="reg_dnr_stat_xst. unsigned, default = 24" default="24" value="24" cmd="common:2,0xff900000"/>
<Control ui_type="slider" name="reg_dnr_stat_xed" range="0~16383" addr="0x2d08" mask="13:0" dst="U" desc="reg_dnr_stat_xed. unsigned, default = HSIZE - 25" default="1895" value="1895" cmd="common:2,0xff900000"/>
<Control ui_type="slider" name="reg_dnr_stat_yst" range="0~16383" addr="0x2d09" mask="29:16" dst="U" desc="reg_dnr_stat_yst. unsigned, default = 24" default="24" value="24" cmd="common:2,0xff900000"/>
<Control ui_type="slider" name="reg_dnr_stat_yed" range="0~16383" addr="0x2d09" mask="13:0" dst="U" desc="reg_dnr_stat_yed. unsigned, default = VSIZE - 25" default="1055" value="1055" cmd="common:2,0xff900000"/>
</Page>
</Group>
<Group num="4" val="Auto">
<Page tab_title="" layout="25x4">
<Control ui_type="checkbox" name="reg_dnr_en" range="0~1" addr="0x2d00" mask="16:16" dst="U" desc="reg_dnr_en, default = 1" default="1" value="1" cmd="common:2,0xff900000"/>
<Control ui_type="slider" name="reg_dnr_db_vdbstep" range="0~1" addr="0x2d00" mask="15:15" dst="U" desc="reg_dnr_db_vdbstep,vdb step,0:4, 1:8, default = 1" default="1" value="1" cmd="common:2,0xff900000"/>
<Control ui_type="checkbox" name="reg_dnr_db_vdbprten" range="0~1" addr="0x2d00" mask="14:14" dst="U" desc="reg_dnr_db_vdbprten,vdb protectoin enable, default = 1" default="1" value="1" cmd="common:2,0xff900000"/>
<Control ui_type="checkbox" name="reg_dnr_luma_en" range="0~1" addr="0x2d00" mask="12:12" dst="U" desc="reg_dnr_luma_en,enable ycbcr2luma module,default = 1" default="1" value="1" cmd="common:2,0xff900000"/>
<Control ui_type="slider" name="reg_dnr_db_mode" range="0~3" addr="0x2d00" mask="11:10" dst="U" desc="reg_dnr_db_mode,deblocking mode, 0: disable, 1: horizontal deblocking, 2: vertical deblocking, 3: horizontal and vertical deblocking,default = 3" default="3" value="3" cmd="common:2,0xff900000"/>
<Control ui_type="checkbox" name="reg_dnr_db_chrmen" range="0~1" addr="0x2d00" mask="9:9" dst="U" desc="reg_dnr_db_chrmen,enable chroma deblocking,default = 1" default="1" value="1" cmd="common:2,0xff900000"/>
<Control ui_type="slider" name="reg_dnr_db_yedgethd0" range="0~255" addr="0x2d0b" mask="31:24" dst="U" desc="reg_dnr_db_yedgethd0, edge threshold0 for luma. unsigned  , default = 12" default="8" value="8" cmd="common:2,0xff900000"/>
<Control ui_type="slider" name="reg_dnr_db_yedgethd1" range="0~255" addr="0x2d0b" mask="23:16" dst="U" desc="reg_dnr_db_yedgethd1, edge threshold1 for luma. unsigned  , default = 15" default="10" value="10" cmd="common:2,0xff900000"/>
<Control ui_type="slider" name="reg_dnr_db_yedgethd2" range="0~255" addr="0x2d0b" mask="15:8" dst="U" desc="reg_dnr_db_yedgethd2, edge threshold2 for luma. unsigned  , default = 18" default="18" value="18" cmd="common:2,0xff900000"/>
<Control ui_type="slider" name="reg_dnr_db_yedgethd3" range="0~255" addr="0x2d0b" mask="7:0" dst="U" desc="reg_dnr_db_yedgethd3, edge threshold3 for luma. unsigned  , default = 25" default="25" value="25" cmd="common:2,0xff900000"/>
<Control ui_type="slider" name="reg_dnr_db_cedgethd0" range="0~255" addr="0x2d0c" mask="31:24" dst="U" desc="reg_dnr_db_cedgethd0, edge threshold0 for chroma  . unsigned  , default = 12" default="8" value="8" cmd="common:2,0xff900000"/>
<Control ui_type="slider" name="reg_dnr_db_cedgethd1" range="0~255" addr="0x2d0c" mask="23:16" dst="U" desc="reg_dnr_db_cedgethd1, edge threshold1 for chroma  . unsigned  , default = 15" default="10" value="10" cmd="common:2,0xff900000"/>
<Control ui_type="slider" name="reg_dnr_db_cedgethd2" range="0~255" addr="0x2d0c" mask="15:8" dst="U" desc="reg_dnr_db_cedgethd2, edge threshold2 for chroma  . unsigned  , default = 18" default="18" value="18" cmd="common:2,0xff900000"/>
<Control ui_type="slider" name="reg_dnr_db_cedgethd3" range="0~255" addr="0x2d0c" mask="7:0" dst="U" desc="reg_dnr_db_cedgethd3, edge threshold3 for chroma  . unsigned  , default = 25" default="25" value="25" cmd="common:2,0xff900000"/>
<Control ui_type="slider" name="reg_dnr_db_hgapthd" range="0~255" addr="0x2d0d" mask="23:16" dst="U" desc="reg_dnr_db_hgapthd, horizontal gap thd (less or equal than) for very sure blockiness . unsigned  , default = 8" default="8" value="8" cmd="common:2,0xff900000"/>
<Control ui_type="slider" name="reg_dnr_db_hgapdifthd" range="0~255" addr="0x2d0d" mask="15:8" dst="U" desc="reg_dnr_db_hgapdifthd, dif thd between hgap and lft/rgt hdifs. unsigned  , default = 1" default="1" value="1" cmd="common:2,0xff900000"/>
<Control ui_type="checkbox" name="reg_dnr_db_hgapmod" range="0~1" addr="0x2d0d" mask="0:0" dst="U" desc="reg_dnr_db_hgapmod, horizontal gap calc. mode, 0: just use current col x, 1: find max between (x-1, x, x+1) . unsigned  , default = 0" default="0" value="0" cmd="common:2,0xff900000"/>
<Control ui_type="slider" name="reg_dnr_db_hbsup" range="0~3" addr="0x2d0e" mask="5:4" dst="U" desc="reg_dnr_db_hbsup, horizontal bs up value. unsigned  , default = 1" default="1" value="1" cmd="common:2,0xff900000"/>
<Control ui_type="slider" name="reg_dnr_db_hbsmax" range="0~3" addr="0x2d0e" mask="3:2" dst="U" desc="reg_dnr_db_hbsmax, max value of hbs for global control. unsigned  , default = 3" default="3" value="3" cmd="common:2,0xff900000"/>
<Control ui_type="slider" name="reg_dnr_db_hgbsthd" range="0~3" addr="0x2d0e" mask="1:0" dst="U" desc="reg_dnr_db_hgbsthd, gbs thd (&gt;=) for hbs calc.  . unsigned  , default = 1" default="1" value="1" cmd="common:2,0xff900000"/>
<Control ui_type="slider" name="reg_dnr_db_hactthd0" range="0~255" addr="0x2d0f" mask="15:8" dst="U" desc="reg_dnr_db_hactthd0, thd0 of hact, for block classification. unsigned  , default = 10" default="10" value="10" cmd="common:2,0xff900000"/>
<Control ui_type="slider" name="reg_dnr_db_hactthd1" range="0~255" addr="0x2d0f" mask="7:0" dst="U" desc="reg_dnr_db_hactthd1, thd1 of hact, for block classification. unsigned  , default = 32" default="32" value="32" cmd="common:2,0xff900000"/>
<Control ui_type="slider" name="reg_dnr_db_yhdeltagain1" range="0~7" addr="0x2d10" mask="26:24" dst="U" desc="reg_dnr_db_yhdeltagain1, (p1-q1) gain for Y s delta calc. when bs=1, normalized 8 as 1 . unsigned  , default = 2" default="2" value="2" cmd="common:2,0xff900000"/>
<Control ui_type="slider" name="reg_dnr_db_yhdeltagain2" range="0~7" addr="0x2d10" mask="22:20" dst="U" desc="reg_dnr_db_yhdeltagain2, (p1-q1) gain for Y s delta calc. when bs=2, normalized 8 as 1 . unsigned  , default = 0" default="0" value="0" cmd="common:2,0xff900000"/>
<Control ui_type="slider" name="reg_dnr_db_yhdeltagain3" range="0~7" addr="0x2d10" mask="18:16" dst="U" desc="reg_dnr_db_yhdeltagain3, (p1-q1) gain for Y s delta calc. when bs=3, normalized 8 as 1 . unsigned  , default = 0" default="0" value="0" cmd="common:2,0xff900000"/>
<Control ui_type="slider" name="reg_dnr_db_yhdeltaadjoffst" range="-64~63" addr="0x2d10" mask="14:8" dst="S" desc="reg_dnr_db_yhdeltaadjoffst, offset for adjust Y s hdelta (-64, 63). signed, default = 0" default="0" value="0" cmd="common:2,0xff900000"/>
<Control ui_type="slider" name="reg_dnr_db_yhdeltaadjgain" range="0~63" addr="0x2d10" mask="5:0" dst="U" desc="reg_dnr_db_yhdeltaadjgain, gain for adjust Y s hdelta, normalized 32 as 1 . unsigned  , default = 32" default="32" value="32" cmd="common:2,0xff900000"/>
<Control ui_type="slider" name="reg_dnr_db_yhdelta2gain2" range="0~63" addr="0x2d11" mask="29:24" dst="U" desc="reg_dnr_db_yhdelta2gain2, gain for bs=2 s adjust Y s hdelta2, normalized 64 as 1 . unsigned  , default = 8" default="8" value="8" cmd="common:2,0xff900000"/>
<Control ui_type="slider" name="reg_dnr_db_yhdelta2offst2" range="-16~15" addr="0x2d11" mask="20:16" dst="S" desc="reg_dnr_db_yhdelta2offst2, offset for bs=2 s adjust Y s hdelta2 (-16, 15). signed, default = 0" default="0" value="0" cmd="common:2,0xff900000"/>
<Control ui_type="slider" name="reg_dnr_db_yhdelta2gain3" range="0~63" addr="0x2d11" mask="13:8" dst="U" desc="reg_dnr_db_yhdelta2gain3, gain for bs=3 s adjust Y s hdelta2, normalized 64 as 1 . unsigned  , default = 4" default="4" value="4" cmd="common:2,0xff900000"/>
<Control ui_type="slider" name="reg_dnr_db_yhdelta2offst3" range="-16~15" addr="0x2d11" mask="4:0" dst="S" desc="reg_dnr_db_yhdelta2offst3, offset for bs=3 s adjust Y s hdelta2 (-16, 15). signed, default = 0" default="0" value="0" cmd="common:2,0xff900000"/>
<Control ui_type="slider" name="reg_dnr_db_chdeltagain1" range="0~7" addr="0x2d12" mask="26:24" dst="U" desc="reg_dnr_db_chdeltagain1, (p1-q1) gain for UV s delta calc. when bs=1, normalized 8 as 1. unsigned  , default = 2" default="2" value="2" cmd="common:2,0xff900000"/>
<Control ui_type="slider" name="reg_dnr_db_chdeltagain2" range="0~7" addr="0x2d12" mask="22:20" dst="U" desc="reg_dnr_db_chdeltagain2, (p1-q1) gain for UV s delta calc. when bs=2, normalized 8 as 1. unsigned  , default = 0" default="0" value="0" cmd="common:2,0xff900000"/>
<Control ui_type="slider" name="reg_dnr_db_chdeltagain3" range="0~7" addr="0x2d12" mask="18:16" dst="U" desc="reg_dnr_db_chdeltagain3, (p1-q1) gain for UV s delta calc. when bs=3, normalized 8 as 1. unsigned  , default = 0" default="0" value="0" cmd="common:2,0xff900000"/>
<Control ui_type="slider" name="reg_dnr_db_chdeltaadjoffst" range="-64~63" addr="0x2d12" mask="14:8" dst="S" desc="reg_dnr_db_chdeltaadjoffst, offset for adjust UV s hdelta (-64, 63). signed, default = 0" default="0" value="0" cmd="common:2,0xff900000"/>
<Control ui_type="slider" name="reg_dnr_db_chdeltaadjgain" range="0~63" addr="0x2d12" mask="5:0" dst="U" desc="reg_dnr_db_chdeltaadjgain, gain for adjust UV s hdelta, normalized 32 as 1. unsigned  , default = 32" default="32" value="32" cmd="common:2,0xff900000"/>
<Control ui_type="slider" name="reg_dnr_db_chdelta2gain2" range="0~63" addr="0x2d13" mask="29:24" dst="U" desc="reg_dnr_db_chdelta2gain2, gain for bs=2 s adjust UV s hdelta2, normalized 64 as 1 . unsigned  , default = 8" default="8" value="8" cmd="common:2,0xff900000"/>
<Control ui_type="slider" name="reg_dnr_db_chdelta2offst2" range="-16~15" addr="0x2d13" mask="20:16" dst="S" desc="reg_dnr_db_chdelta2offst2, offset for bs=2 s adjust UV s hdelta2 (-16, 15). signed, default = 0" default="0" value="0" cmd="common:2,0xff900000"/>
<Control ui_type="slider" name="reg_dnr_db_chdelta2gain3" range="0~63" addr="0x2d13" mask="13:8" dst="U" desc="reg_dnr_db_chdelta2gain3, gain for bs=2 s adjust UV s hdelta2, normalized 64 as 1 . unsigned  , default = 4" default="4" value="4" cmd="common:2,0xff900000"/>
<Control ui_type="slider" name="reg_dnr_db_chdelta2offst3" range="-16~15" addr="0x2d13" mask="4:0" dst="S" desc="reg_dnr_db_chdelta2offst3, offset for bs=2 s adjust UV s hdelta2 (-16, 15). signed, default = 0" default="0" value="0" cmd="common:2,0xff900000"/>
<Control ui_type="slider" name="reg_dnr_db_yvedgethd" range="0~255" addr="0x2d14" mask="15:8" dst="U" desc="reg_dnr_db_yvedgethd, special Y s edge thd for vdb. unsigned  , default = 12" default="12" value="12" cmd="common:2,0xff900000"/>
<Control ui_type="slider" name="reg_dnr_db_cvedgethd" range="0~255" addr="0x2d14" mask="7:0" dst="U" desc="reg_dnr_db_cvedgethd, special UV s edge thd for vdb. unsigned  , default = 12" default="12" value="12" cmd="common:2,0xff900000"/>
<Control ui_type="slider" name="reg_dnr_db_vgapthd" range="0~255" addr="0x2d15" mask="31:24" dst="U" desc="reg_dnr_db_vgapthd, vertical gap thd (less or equal than) for very sure blockiness . unsigned  , default = 8" default="8" value="8" cmd="common:2,0xff900000"/>
<Control ui_type="slider" name="reg_dnr_db_vactthd" range="0~255" addr="0x2d15" mask="23:16" dst="U" desc="reg_dnr_db_vactthd, thd of vact, for block classification . unsigned  , default = 10" default="10" value="10" cmd="common:2,0xff900000"/>
<Control ui_type="slider" name="reg_dnr_db_vgapdifthd" range="0~255" addr="0x2d15" mask="15:8" dst="U" desc="reg_dnr_db_vgapdifthd, dif thd between vgap and vact. unsigned  , default = 4" default="2" value="2" cmd="common:2,0xff900000"/>
<Control ui_type="slider" name="reg_dnr_db_vbsmax" range="0~3" addr="0x2d15" mask="3:2" dst="U" desc="reg_dnr_db_vbsmax, max value of vbs for global control. unsigned  , default = 2" default="2" value="2" cmd="common:2,0xff900000"/>
<Control ui_type="slider" name="reg_dnr_db_vgbsthd" range="0~3" addr="0x2d15" mask="1:0" dst="U" desc="reg_dnr_db_vgbsthd, gbs thd (&gt;=) for vbs calc.  . unsigned  , default = 1" default="1" value="1" cmd="common:2,0xff900000"/>
<Control ui_type="slider" name="reg_dnr_db_yvdeltaadjgain" range="0~63" addr="0x2d16" mask="29:24" dst="U" desc="reg_dnr_db_yvdeltaadjgain, gain for adjust Y s vdelta, normalized 32 as 1. unsigned  , default = 32" default="32" value="32" cmd="common:2,0xff900000"/>
<Control ui_type="slider" name="reg_dnr_db_yvdeltaadjoffst" range="-64~63" addr="0x2d16" mask="22:16" dst="S" desc="reg_dnr_db_yvdeltaadjoffst, offset for adjust Y s vdelta (-64, 63). signed, default = 0" default="0" value="0" cmd="common:2,0xff900000"/>
<Control ui_type="slider" name="reg_dnr_db_yvdelta2gain" range="0~63" addr="0x2d16" mask="13:8" dst="U" desc="reg_dnr_db_yvdelta2gain, gain for adjust Y s vdelta2, normalized 64 as 1. unsigned  , default = 8" default="8" value="8" cmd="common:2,0xff900000"/>
<Control ui_type="slider" name="reg_dnr_db_yvdelta2offst" range="-16~15" addr="0x2d16" mask="4:0" dst="S" desc="reg_dnr_db_yvdelta2offst, offset for adjust Y s vdelta2 (-16, 15). signed, default = 0" default="0" value="0" cmd="common:2,0xff900000"/>
<Control ui_type="slider" name="reg_dnr_db_cvdeltaadjgain" range="0~63" addr="0x2d17" mask="29:24" dst="U" desc="reg_dnr_db_cvdeltaadjgain, gain for adjust UV s vdelta, normalized 32 as 1. unsigned  , default = 32" default="32" value="32" cmd="common:2,0xff900000"/>
<Control ui_type="slider" name="reg_dnr_db_cvdeltaadjoffst" range="-64~63" addr="0x2d17" mask="22:16" dst="S" desc="reg_dnr_db_cvdeltaadjoffst, offset for adjust UV s vdelta (-64, 63). signed, default = 0" default="0" value="0" cmd="common:2,0xff900000"/>
<Control ui_type="slider" name="reg_dnr_db_cvdelta2gain" range="0~63" addr="0x2d17" mask="13:8" dst="U" desc="reg_dnr_db_cvdelta2gain, gain for adjust UV s vdelta2, normalized 64 as 1. unsigned  , default = 8" default="8" value="8" cmd="common:2,0xff900000"/>
<Control ui_type="slider" name="reg_dnr_db_cvdelta2offst" range="-16~15" addr="0x2d17" mask="4:0" dst="S" desc="reg_dnr_db_cvdelta2offst, offset for adjust UV s vdelta2 (-16, 15). signed, default = 0" default="0" value="0" cmd="common:2,0xff900000"/>
<Control ui_type="slider" name="reg_dnr_gbs_edgethd" range="0~255" addr="0x2d07" mask="31:24" dst="U" desc="reg_dnr_gbs_edgethd, edge threshold (&lt;=) for LR. unsigned, default = 32" default="16" value="16" cmd="common:2,0xff900000"/>
<Control ui_type="slider" name="reg_dnr_gbs_flatthd" range="0~255" addr="0x2d07" mask="23:16" dst="U" desc="reg_dnr_gbs_flatthd, flat threshold (&gt;=) for LR. unsigned, default = 0" default="16" value="16" cmd="common:2,0xff900000"/>
<Control ui_type="slider" name="reg_dnr_gbs_varthd" range="0~255" addr="0x2d07" mask="15:8" dst="U" desc="reg_dnr_gbs_varthd, variation threshold (&lt;=) for Lvar/Rvar. unsigned, default = 16" default="16" value="16" cmd="common:2,0xff900000"/>
<Control ui_type="slider" name="reg_dnr_gbs_difthd" range="0~255" addr="0x2d07" mask="7:0" dst="U" desc="reg_dnr_gbs_difthd, dif threshold (&gt;=) between LR and LL/RR. unsigned, default = 2" default="2" value="2" cmd="common:2,0xff900000"/>
<Control ui_type="slider" name="reg_dnr_stat_xst" range="0~16383" addr="0x2d08" mask="29:16" dst="U" desc="reg_dnr_stat_xst. unsigned, default = 24" default="24" value="24" cmd="common:2,0xff900000"/>
<Control ui_type="slider" name="reg_dnr_stat_xed" range="0~16383" addr="0x2d08" mask="13:0" dst="U" desc="reg_dnr_stat_xed. unsigned, default = HSIZE - 25" default="1895" value="1895" cmd="common:2,0xff900000"/>
<Control ui_type="slider" name="reg_dnr_stat_yst" range="0~16383" addr="0x2d09" mask="29:16" dst="U" desc="reg_dnr_stat_yst. unsigned, default = 24" default="24" value="24" cmd="common:2,0xff900000"/>
<Control ui_type="slider" name="reg_dnr_stat_yed" range="0~16383" addr="0x2d09" mask="13:0" dst="U" desc="reg_dnr_stat_yed. unsigned, default = VSIZE - 25" default="1055" value="1055" cmd="common:2,0xff900000"/>
</Page>
</Group>
</Form>

